Edad,País / Procedencia,Idioma,Presupuesto,Días de viaje,Tipo de viaje,Problemas respiratorios,Movilidad reducida,Alergias,Comida,Naturaleza,Historia,Fotografía,Destino recomendado,Destino alternativo,Nivel de dificultad,Requiere caminata,Altura máxima tolerada,Recomendación médica,Tipo de transporte,Tour recomendado,Riesgo por altura,Apto para adulto mayor,Apto para niños
27,Estados Unidos,Inglés,Alto,7,Cultural,No,No,No,Sí,Sí,Sí,Sí,Machu Picchu,Ollantaytambo,Medio,Sí,3400,Hidratación constante,Tren,City Tour,Medio,Sí,Sí
34,España,Español,Medio,5,Aventura,No,No,No,Sí,Sí,Sí,Sí,Machu Picchu,Valle Sagrado,Alto,Sí,4200,Consumir mate de coca,Tren,Trekking,Alto,No,Sí
52,Canadá,Inglés,Alto,8,Relajación,Sí,Sí,No,Sí,Sí,Sí,No,Machu Picchu,Yucay,Bajo,No,3000,Llevar medicación personal,Tren,Relax,Bajo,Sí,Sí
23,Brasil,Portugués,Económico,6,Mochilero,No,No,No,No,Sí,No,Sí,Machu Picchu,Camino Inca,Extremo,Sí,4200,Aclimatación previa,Caminata,Trekking,Alto,No,No
41,Francia,Francés,Alto,9,Cultural,No,No,Sí,Sí,No,Sí,Sí,Machu Picchu,Qorikancha,Medio,Sí,3400,Descansar correctamente,Tren,Cultural,Medio,Sí,Sí
30,México,Español,Medio,6,Cultural,No,No,No,Sí,Sí,Sí,Sí,Machu Picchu,Pisac,Medio,Sí,3600,Evitar esfuerzo excesivo,Bus,City Tour,Medio,Sí,Sí
45,Alemania,Alemán,Alto,10,Aventura,No,No,No,No,Sí,Sí,Sí,Machu Picchu,Salkantay Trek,Alto,Sí,4300,Hidratación continua,Caminata,Trekking,Alto,No,No
38,Argentina,Español,Medio,7,Relajación,No,No,No,Sí,Sí,Sí,Sí,Machu Picchu,Urubamba,Bajo,No,3200,Descanso moderado,Tren,Relax,Bajo,Sí,Sí
24,Chile,Español,Económico,5,Aventura,No,No,No,Sí,Sí,No,Sí,Machu Picchu,Camino Inca,Alto,Sí,4100,Consultar médico,Caminata,Aventura,Alto,No,No
56,Italia,Italiano,Alto,12,Cultural,Sí,No,No,Sí,No,Sí,Sí,Machu Picchu,Qorikancha,Medio,Sí,3400,Llevar snacks energéticos,Tren,Cultural,Medio,Sí,Sí
21,Perú,Español,Económico,4,Mochilero,No,No,No,No,Sí,No,Sí,Machu Picchu,Ollantaytambo,Alto,Sí,4000,Usar bloqueador solar,Bus,Trekking,Alto,No,No
33,Australia,Inglés,Alto,9,Aventura,No,No,Sí,Sí,Sí,No,Sí,Machu Picchu,Laguna Humantay,Alto,Sí,4300,Hidratación constante,Caminata,Aventura,Alto,No,Sí
47,Reino Unido,Inglés,Alto,8,Cultural,No,No,No,Sí,No,Sí,Sí,Machu Picchu,Catedral del Cusco,Medio,Sí,3400,Aclimatación recomendada,Tren,Histórico,Medio,Sí,Sí
28,Colombia,Español,Medio,6,Aventura,No,No,No,Sí,Sí,Sí,Sí,Machu Picchu,Montaña de 7 Colores,Alto,Sí,5000,Consumir agua frecuentemente,Bus,Trekking,Alto,No,No
60,Estados Unidos,Inglés,Alto,11,Relajación,Sí,Sí,Sí,Sí,No,Sí,No,Machu Picchu,Yucay,Bajo,No,3000,Llevar ropa térmica,Tren,Relax,Bajo,Sí,Sí
36,Portugal,Portugués,Medio,7,Cultural,No,No,No,Sí,Sí,Sí,Sí,Machu Picchu,Maras,Medio,Sí,3500,Hidratación permanente,Bus,Cultural,Medio,Sí,Sí
25,Japón,Japonés,Alto,10,Fotografía,No,No,No,Sí,Sí,No,Sí,Machu Picchu,Valle Rojo,Alto,Sí,4800,Descansar adecuadamente,Bus,Fotográfico,Alto,No,No
42,Suiza,Alemán,Alto,8,Naturaleza,No,No,No,No,Sí,Sí,Sí,Machu Picchu,Laguna Piuray,Medio,Sí,3700,Aclimatación previa,Bus,Ecológico,Medio,Sí,Sí
31,Ecuador,Español,Medio,5,Cultural,No,No,No,Sí,No,Sí,Sí,Machu Picchu,Museo Inka,Bajo,No,3400,Evitar comidas pesadas,Bus,Histórico,Bajo,Sí,Sí
22,Bolivia,Español,Económico,6,Aventura,No,No,No,No,Sí,No,Sí,Machu Picchu,Camino Inca,Extremo,Sí,4200,Hidratación y descanso,Caminata,Trekking,Alto,No,No
49,Francia,Francés,Alto,9,Relajación,Sí,No,No,Sí,Sí,Sí,No,Machu Picchu,Urubamba,Bajo,No,3200,Consumir mate de coca,Tren,Relax,Bajo,Sí,Sí
26,Corea del Sur,Coreano,Alto,8,Fotografía,No,No,No,Sí,Sí,No,Sí,Machu Picchu,Montaña de 7 Colores,Alto,Sí,5000,Control médico,Bus,Fotográfico,Alto,No,No
37,Perú,Español,Medio,7,Cultural,No,No,No,Sí,Sí,Sí,Sí,Machu Picchu,Sacsayhuamán,Medio,Sí,3600,Llevar medicamentos,Bus,City Tour,Medio,Sí,Sí
54,Austria,Alemán,Alto,10,Relajación,Sí,Sí,No,Sí,Sí,Sí,No,Machu Picchu,Yucay,Bajo,No,3000,Usar ropa ligera,Tren,Relax,Bajo,Sí,Sí
20,Argentina,Español,Económico,5,Mochilero,No,No,No,No,Sí,No,Sí,Machu Picchu,Choquequirao,Extremo,Sí,4500,Hidratación adecuada,Caminata,Trekking,Alto,No,No
39,China,Chino,Alto,9,Cultural,No,No,No,Sí,No,Sí,Sí,Machu Picchu,Qenqo,Medio,Sí,3500,Aclimatación obligatoria,Bus,Cultural,Medio,Sí,Sí
43,Irlanda,Inglés,Medio,6,Naturaleza,No,No,No,No,Sí,Sí,Sí,Machu Picchu,Laguna Huaypo,Medio,Sí,3800,Evitar alcohol,Bus,Ecológico,Medio,Sí,Sí
29,Marruecos,Árabe,Económico,7,Aventura,No,No,No,Sí,Sí,No,Sí,Machu Picchu,Salkantay Trek,Alto,Sí,4300,Descanso previo,Caminata,Trekking,Alto,No,No
58,Chile,Español,Medio,8,Relajación,Sí,No,No,Sí,Sí,Sí,No,Machu Picchu,Urubamba,Bajo,No,3200,Consumir líquidos,Tren,Relax,Bajo,Sí,Sí
35,Noruega,Inglés,Alto,11,Fotografía,No,No,No,No,Sí,Sí,Sí,Machu Picchu,Abra Málaga,Alto,Sí,4500,Hidratación constante,Bus,Fotográfico,Alto,No,No
24,Venezuela,Español,Económico,5,Cultural,No,No,No,Sí,No,Sí,Sí,Machu Picchu,Centro Histórico de Cusco,Bajo,No,3400,Usar bloqueador,Bus,Histórico,Bajo,Sí,Sí
46,Países Bajos,Inglés,Alto,10,Aventura,No,No,No,No,Sí,Sí,Sí,Machu Picchu,Camino Inca,Extremo,Sí,4200,Medicamentos básicos,Caminata,Trekking,Alto,No,No
32,Bélgica,Francés,Medio,7,Cultural,No,No,Sí,Sí,Sí,Sí,Sí,Machu Picchu,Maras,Medio,Sí,3600,Descanso adecuado,Bus,Cultural,Medio,Sí,Sí
51,Perú,Español,Medio,6,Relajación,Sí,Sí,No,Sí,Sí,Sí,No,Machu Picchu,Yucay,Bajo,No,3000,Aclimatación y descanso,Tren,Relax,Bajo,Sí,Sí
23,Sudáfrica,Inglés,Económico,8,Aventura,No,No,No,No,Sí,No,Sí,Machu Picchu,Choquequirao,Extremo,Sí,4600,Hidratación continua,Caminata,Aventura,Alto,No,No
40,Canadá,Inglés,Alto,9,Cultural,No,No,No,Sí,No,Sí,Sí,Machu Picchu,Pikillacta,Medio,Sí,3500,Preparación física,Bus,Cultural,Medio,Sí,Sí
27,Turquía,Turco,Medio,7,Fotografía,No,No,No,Sí,Sí,No,Sí,Machu Picchu,Valle Rojo,Alto,Sí,4800,Consumir agua,Bus,Fotográfico,Alto,No,No
48,México,Español,Alto,8,Relajación,Sí,No,Sí,Sí,Sí,Sí,No,Machu Picchu,Urubamba,Bajo,No,3200,Consulta médica,Tren,Relax,Bajo,Sí,Sí
33,India,Inglés,Medio,9,Cultural,No,No,No,Sí,Sí,Sí,Sí,Machu Picchu,Qorikancha,Medio,Sí,3400,Hidratación permanente,Bus,Histórico,Medio,Sí,Sí
22,Filipinas,Inglés,Económico,6,Aventura,No,No,No,No,Sí,No,Sí,Machu Picchu,Salkantay Trek,Alto,Sí,4300,Ropa térmica,Caminata,Trekking,Alto,No,No
57,Suecia,Inglés,Alto,10,Relajación,Sí,Sí,No,Sí,Sí,Sí,No,Machu Picchu,Yucay,Bajo,No,3000,Descanso moderado,Tren,Relax,Bajo,Sí,Sí
30,Costa Rica,Español,Medio,7,Naturaleza,No,No,No,No,Sí,Sí,Sí,Machu Picchu,Laguna Piuray,Medio,Sí,3700,Aclimatación previa,Bus,Ecológico,Medio,Sí,Sí
44,Rusia,Ruso,Alto,12,Aventura,No,No,No,No,Sí,Sí,Sí,Machu Picchu,Camino Inca,Extremo,Sí,4200,Consumir mate de coca,Caminata,Aventura,Alto,No,No
25,Paraguay,Español,Económico,4,Cultural,No,No,No,Sí,No,Sí,Sí,Machu Picchu,Museo Inka,Bajo,No,3400,Hidratación continua,Bus,Histórico,Bajo,Sí,Sí
38,Dinamarca,Inglés,Alto,9,Fotografía,No,No,No,Sí,Sí,No,Sí,Machu Picchu,Abra Málaga,Alto,Sí,4500,Descansar correctamente,Bus,Fotográfico,Alto,No,No
53,Italia,Italiano,Alto,11,Relajación,Sí,Sí,No,Sí,Sí,Sí,No,Machu Picchu,Yucay,Bajo,No,3000,Control de presión,Tren,Relax,Bajo,Sí,Sí
21,Uruguay,Español,Económico,5,Mochilero,No,No,No,No,Sí,No,Sí,Machu Picchu,Choquequirao,Extremo,Sí,4600,Hidratación y descanso,Caminata,Trekking,Alto,No,No
41,Israel,Hebreo,Medio,8,Cultural,No,No,No,Sí,Sí,Sí,Sí,Machu Picchu,Sacsayhuamán,Medio,Sí,3600,Preparación física,Bus,Cultural,Medio,Sí,Sí
29,Indonesia,Indonesio,Medio,7,Naturaleza,No,No,No,No,Sí,Sí,Sí,Machu Picchu,Laguna Humantay,Alto,Sí,4200,Consumir líquidos,Bus,Ecológico,Alto,No,Sí
36,Nueva Zelanda,Inglés,Alto,13,Aventura,No,No,No,No,Sí,No,Sí,Machu Picchu,Salkantay Trek,Extremo,Sí,4500,Aclimatación previa,Caminata,Trekking,Alto,No,No
50,Perú,Español,Medio,6,Cultural,Sí,No,No,Sí,No,Sí,Sí,Machu Picchu,Qorikancha,Bajo,No,3400,Hidratación adecuada,Bus,Histórico,Bajo,Sí,Sí
29,Noruega,Noruego,Alto,7,Cultural,No,No,No,Sí,Sí,Sí,Sí,Sacsayhuamán,Qorikancha,Medio,Sí,3600,Ropa adecuada,Bus,Histórico,Medio,Sí,Sí
44,Marruecos,Árabe,Medio,6,Cultural,No,No,Sí,Sí,No,Sí,Sí,Sacsayhuamán,Catedral del Cusco,Bajo,Sí,3400,Hidratación constante,Bus,City Tour,Bajo,Sí,Sí
26,Tailandia,Tailandés,Económico,5,Mochilero,No,No,No,No,Sí,No,Sí,Sacsayhuamán,Barrio de San Blas,Medio,Sí,3600,Llevar medicación personal,Caminata,Cultural,Medio,No,No
51,Finlandia,Inglés,Alto,9,Relajación,Sí,Sí,No,Sí,Sí,Sí,No,Sacsayhuamán,Yucay,Bajo,No,3200,Descanso moderado,Bus,Relax,Bajo,Sí,Sí
33,India,Inglés,Medio,8,Fotografía,No,No,No,Sí,Sí,Sí,Sí,Sacsayhuamán,Piedra de los 12 Ángulos,Medio,Sí,3600,Aclimatación previa,Caminata,Fotográfico,Medio,Sí,Sí
24,Indonesia,Indonesio,Económico,6,Aventura,No,No,No,Sí,Sí,No,Sí,Sacsayhuamán,Qenqo,Medio,Sí,3700,Consumir agua,Caminata,Trekking,Medio,No,Sí
47,Turquía,Turco,Alto,8,Cultural,No,No,No,Sí,No,Sí,Sí,Sacsayhuamán,Museo Inka,Medio,Sí,3500,Usar bloqueador solar,Bus,Histórico,Medio,Sí,Sí
38,Israel,Hebreo,Alto,7,Fotografía,No,No,Sí,Sí,Sí,Sí,Sí,Sacsayhuamán,Centro Histórico de Cusco,Medio,Sí,3500,Hidratación continua,Bus,Fotográfico,Medio,Sí,Sí
22,Egipto,Árabe,Económico,5,Mochilero,No,No,No,No,Sí,No,Sí,Sacsayhuamán,Mercado de San Pedro,Medio,Sí,3600,Descansar adecuadamente,Caminata,Cultural,Medio,No,No
56,Bélgica,Francés,Alto,10,Relajación,Sí,Sí,Sí,Sí,No,Sí,No,Sacsayhuamán,Yucay,Bajo,No,3200,Llevar snacks energéticos,Bus,Relax,Bajo,Sí,Sí
31,China,Chino,Alto,9,Cultural,No,No,No,Sí,Sí,Sí,Sí,Sacsayhuamán,Qorikancha,Medio,Sí,3600,Aclimatación recomendada,Bus,Histórico,Medio,Sí,Sí
28,Filipinas,Inglés,Medio,6,Aventura,No,No,No,Sí,Sí,No,Sí,Sacsayhuamán,Qenqo,Medio,Sí,3700,Consumir mate de coca,Caminata,Aventura,Medio,No,Sí
42,Rusia,Ruso,Alto,8,Fotografía,No,No,No,Sí,Sí,Sí,Sí,Sacsayhuamán,Piedra de los 12 Ángulos,Medio,Sí,3600,Hidratación permanente,Bus,Fotográfico,Medio,Sí,Sí
35,Sudáfrica,Inglés,Medio,7,Cultural,No,No,No,Sí,No,Sí,Sí,Sacsayhuamán,Catedral del Cusco,Bajo,Sí,3400,Evitar comidas pesadas,Bus,Cultural,Bajo,Sí,Sí
20,Nepal,Nepalí,Económico,6,Mochilero,No,No,No,No,Sí,No,Sí,Sacsayhuamán,Barrio de San Blas,Medio,Sí,3600,Llevar ropa ligera,Caminata,Trekking,Medio,No,No
53,Irlanda,Inglés,Alto,11,Relajación,Sí,Sí,No,Sí,Sí,Sí,No,Sacsayhuamán,Yucay,Bajo,No,3200,Hidratación frecuente,Bus,Relax,Bajo,Sí,Sí
27,Malasia,Malayo,Medio,7,Fotografía,No,No,No,Sí,Sí,Sí,Sí,Sacsayhuamán,Mercado de San Pedro,Medio,Sí,3600,Descanso adecuado,Bus,Fotográfico,Medio,Sí,Sí
40,Hungría,Húngaro,Alto,8,Cultural,No,No,Sí,Sí,No,Sí,Sí,Sacsayhuamán,Museo Inka,Medio,Sí,3500,Aclimatación previa,Bus,Histórico,Medio,Sí,Sí
23,Pakistán,Urdu,Económico,5,Aventura,No,No,No,Sí,Sí,No,Sí,Sacsayhuamán,Qenqo,Medio,Sí,3700,Evitar alcohol,Caminata,Aventura,Medio,No,Sí
60,Dinamarca,Inglés,Alto,10,Relajación,Sí,Sí,Sí,Sí,No,Sí,No,Sacsayhuamán,Yucay,Bajo,No,3200,Hidratación y descanso,Bus,Relax,Bajo,Sí,Sí
34,Singapur,Inglés,Alto,7,Cultural,No,No,No,Sí,Sí,Sí,Sí,Sacsayhuamán,Qorikancha,Medio,Sí,3600,Consumir mate de coca,Bus,Histórico,Medio,Sí,Sí
25,Croacia,Croata,Económico,6,Mochilero,No,No,No,No,Sí,No,Sí,Sacsayhuamán,Barrio de San Blas,Medio,Sí,3600,Control médico,Caminata,Cultural,Medio,No,No
46,Polonia,Polaco,Alto,8,Fotografía,No,No,No,Sí,Sí,Sí,Sí,Sacsayhuamán,Piedra de los 12 Ángulos,Medio,Sí,3600,Llevar medicamentos,Bus,Fotográfico,Medio,Sí,Sí
37,Grecia,Griego,Medio,7,Cultural,No,No,No,Sí,No,Sí,Sí,Sacsayhuamán,Catedral del Cusco,Bajo,Sí,3400,Usar ropa ligera,Bus,Histórico,Bajo,Sí,Sí
21,Vietnam,Vietnamita,Económico,5,Aventura,No,No,No,Sí,Sí,No,Sí,Sacsayhuamán,Qenqo,Medio,Sí,3700,Hidratación adecuada,Caminata,Trekking,Medio,No,Sí
49,República Checa,Checo,Alto,9,Relajación,Sí,No,No,Sí,Sí,Sí,No,Sacsayhuamán,Yucay,Bajo,No,3200,Aclimatación obligatoria,Bus,Relax,Bajo,Sí,Sí
32,Emiratos Árabes,Árabe,Alto,8,Fotografía,No,No,Sí,Sí,Sí,Sí,Sí,Sacsayhuamán,Centro Histórico de Cusco,Medio,Sí,3500,Evitar alcohol,Bus,Fotográfico,Medio,Sí,Sí
28,Rumanía,Rumano,Medio,6,Cultural,No,No,No,Sí,No,Sí,Sí,Sacsayhuamán,Museo Inka,Medio,Sí,3500,Descanso previo,Bus,Cultural,Medio,Sí,Sí
55,Islandia,Inglés,Alto,10,Relajación,Sí,Sí,No,Sí,Sí,Sí,No,Sacsayhuamán,Yucay,Bajo,No,3200,Consumir líquidos,Bus,Relax,Bajo,Sí,Sí
24,Kenia,Inglés,Económico,5,Mochilero,No,No,No,No,Sí,No,Sí,Sacsayhuamán,Mercado de San Pedro,Medio,Sí,3600,Hidratación constante,Caminata,Cultural,Medio,No,No
30,Perú,Español,Medio,6,Cultural,No,No,No,Sí,Sí,Sí,Sí,Qorikancha,Catedral del Cusco,Bajo,Sí,3400,Usar bloqueador,Bus,City Tour,Bajo,Sí,Sí
41,Estados Unidos,Inglés,Alto,8,Histórico,No,No,Sí,Sí,No,Sí,Sí,Qorikancha,Museo Inka,Bajo,Sí,3400,Medicamentos básicos,Bus,Histórico,Bajo,Sí,Sí
22,Argentina,Español,Económico,5,Mochilero,No,No,No,Sí,Sí,No,Sí,Qorikancha,Barrio de San Blas,Bajo,Sí,3400,Descanso adecuado,Caminata,Cultural,Bajo,No,Sí
56,Canadá,Inglés,Alto,9,Relajación,Sí,Sí,No,Sí,No,Sí,No,Qorikancha,Yucay,Bajo,No,3200,Aclimatación y descanso,Bus,Relax,Bajo,Sí,Sí
35,Francia,Francés,Medio,7,Fotografía,No,No,No,Sí,Sí,Sí,Sí,Qorikancha,Piedra de los 12 Ángulos,Bajo,Sí,3400,Hidratación continua,Caminata,Fotográfico,Bajo,Sí,Sí
27,Brasil,Portugués,Medio,6,Cultural,No,No,No,Sí,Sí,Sí,Sí,Qorikancha,Centro Histórico de Cusco,Bajo,Sí,3400,Preparación física,Bus,Histórico,Bajo,Sí,Sí
48,Alemania,Alemán,Alto,10,Relajación,Sí,No,Sí,Sí,No,Sí,No,Qorikancha,Catedral del Cusco,Bajo,No,3200,Consumir agua,Bus,Relax,Bajo,Sí,Sí
24,Chile,Español,Económico,4,Aventura,No,No,No,Sí,Sí,No,Sí,Qorikancha,Sacsayhuamán,Medio,Sí,3500,Consulta médica,Caminata,Cultural,Medio,No,Sí
39,Japón,Japonés,Alto,8,Fotografía,No,No,Sí,Sí,Sí,Sí,Sí,Qorikancha,Museo Inka,Bajo,Sí,3400,Hidratación permanente,Bus,Fotográfico,Bajo,Sí,Sí
52,Italia,Italiano,Medio,9,Cultural,Sí,No,No,Sí,No,Sí,Sí,Qorikancha,Catedral del Cusco,Bajo,Sí,3300,Ropa térmica,Bus,Histórico,Bajo,Sí,Sí
29,México,Español,Medio,6,Gastronómico,No,No,No,Sí,No,Sí,Sí,Qorikancha,Mercado de San Pedro,Bajo,Sí,3400,Descanso moderado,Bus,Gastronómico,Bajo,Sí,Sí
43,Australia,Inglés,Alto,11,Relajación,No,Sí,No,Sí,Sí,Sí,No,Qorikancha,Yucay,Bajo,No,3200,Aclimatación previa,Bus,Relax,Bajo,Sí,Sí
21,Bolivia,Español,Económico,5,Mochilero,No,No,No,No,Sí,No,Sí,Qorikancha,Barrio de San Blas,Bajo,Sí,3400,Consumir mate de coca,Caminata,Cultural,Bajo,No,No
37,Corea del Sur,Coreano,Alto,7,Fotografía,No,No,Sí,Sí,Sí,Sí,Sí,Qorikancha,Piedra de los 12 Ángulos,Bajo,Sí,3400,Hidratación continua,Bus,Fotográfico,Bajo,Sí,Sí
58,Reino Unido,Inglés,Alto,10,Cultural,Sí,Sí,No,Sí,No,Sí,No,Qorikancha,Centro Histórico de Cusco,Bajo,No,3200,Descansar correctamente,Bus,Histórico,Bajo,Sí,Sí
25,Ecuador,Español,Económico,4,Aventura,No,No,No,Sí,Sí,No,Sí,Qorikancha,Sacsayhuamán,Medio,Sí,3500,Control de presión,Caminata,Cultural,Medio,No,Sí
34,Suecia,Inglés,Medio,8,Cultural,No,No,No,Sí,Sí,Sí,Sí,Qorikancha,Museo Inka,Bajo,Sí,3400,Hidratación y descanso,Bus,Histórico,Bajo,Sí,Sí
46,Suiza,Alemán,Alto,9,Relajación,Sí,No,Sí,Sí,Sí,Sí,No,Qorikancha,Yucay,Bajo,No,3200,Preparación física,Bus,Relax,Bajo,Sí,Sí
23,Paraguay,Español,Económico,5,Mochilero,No,No,No,No,Sí,No,Sí,Qorikancha,Mercado de San Pedro,Bajo,Sí,3400,Consumir líquidos,Caminata,Cultural,Bajo,No,No
40,China,Chino,Alto,8,Fotografía,No,No,Sí,Sí,Sí,Sí,Sí,Qorikancha,Catedral del Cusco,Bajo,Sí,3400,Aclimatación previa,Bus,Fotográfico,Bajo,Sí,Sí
31,Portugal,Portugués,Medio,7,Cultural,No,No,No,Sí,No,Sí,Sí,Qorikancha,Centro Histórico de Cusco,Bajo,Sí,3400,Hidratación adecuada,Bus,Histórico,Bajo,Sí,Sí
54,Noruega,Noruego,Alto,10,Relajación,Sí,Sí,No,Sí,Sí,Sí,No,Qorikancha,Yucay,Bajo,No,3200,Ropa adecuada,Bus,Relax,Bajo,Sí,Sí
26,Colombia,Español,Económico,5,Aventura,No,No,No,Sí,Sí,No,Sí,Qorikancha,Sacsayhuamán,Medio,Sí,3500,Usar protector solar,Caminata,Cultural,Medio,No,Sí
45,Bélgica,Francés,Alto,8,Histórico,No,No,No,Sí,No,Sí,Sí,Qorikancha,Museo Inka,Bajo,Sí,3400,Hidratación constante,Bus,Histórico,Bajo,Sí,Sí
20,Uruguay,Español,Económico,4,Mochilero,No,No,No,No,Sí,No,Sí,Qorikancha,Barrio de San Blas,Bajo,Sí,3400,Aclimatación recomendada,Caminata,Cultural,Bajo,No,No
49,Dinamarca,Inglés,Alto,9,Relajación,Sí,No,Sí,Sí,Sí,Sí,No,Qorikancha,Yucay,Bajo,No,3200,Hidratación constante,Bus,Relax,Bajo,Sí,Sí
33,India,Inglés,Medio,7,Fotografía,No,No,No,Sí,Sí,Sí,Sí,Qorikancha,Piedra de los 12 Ángulos,Bajo,Sí,3400,Descansar antes del trekking,Caminata,Fotográfico,Bajo,Sí,Sí
28,Turquía,Turco,Medio,6,Cultural,No,No,No,Sí,No,Sí,Sí,Qorikancha,Catedral del Cusco,Bajo,Sí,3400,Llevar medicación personal,Bus,Histórico,Bajo,Sí,Sí
57,Irlanda,Inglés,Alto,11,Relajación,Sí,Sí,No,Sí,Sí,Sí,No,Qorikancha,Centro Histórico de Cusco,Bajo,No,3200,Aclimatación previa,Bus,Relax,Bajo,Sí,Sí
24,Nueva Zelanda,Inglés,Económico,5,Aventura,No,No,No,Sí,Sí,No,Sí,Qorikancha,Sacsayhuamán,Medio,Sí,3500,Consumir mate de coca,Caminata,Cultural,Medio,No,Sí
27,Perú,Español,Medio,5,Cultural,No,No,No,Sí,Sí,Sí,Sí,Qenqo,Sacsayhuamán,Medio,Sí,3600,Evitar esfuerzo excesivo,Caminata,Arqueológico,Medio,Sí,Sí
42,Estados Unidos,Inglés,Alto,8,Aventura,No,No,Sí,Sí,Sí,No,Sí,Qenqo,Tambomachay,Medio,Sí,3700,Hidratación continua,Bus,City Tour,Medio,Sí,Sí
23,Argentina,Español,Económico,4,Mochilero,No,No,No,No,Sí,No,Sí,Qenqo,Puca Pucara,Medio,Sí,3600,Descanso moderado,Caminata,Cultural,Medio,No,No
55,Canadá,Inglés,Alto,10,Relajación,Sí,Sí,No,Sí,No,Sí,No,Qenqo,Yucay,Bajo,No,3200,Consultar médico,Bus,Relax,Bajo,Sí,Sí
36,Francia,Francés,Medio,7,Fotografía,No,No,No,Sí,Sí,Sí,Sí,Qenqo,Sacsayhuamán,Medio,Sí,3600,Llevar snacks energéticos,Caminata,Fotográfico,Medio,Sí,Sí
29,Brasil,Portugués,Medio,6,Cultural,No,No,No,Sí,Sí,Sí,Sí,Qenqo,Qorikancha,Medio,Sí,3500,Usar bloqueador solar,Bus,Histórico,Medio,Sí,Sí
48,Alemania,Alemán,Alto,9,Relajación,Sí,No,Sí,Sí,No,Sí,No,Qenqo,Centro Histórico de Cusco,Bajo,No,3200,Hidratación constante,Bus,Relax,Bajo,Sí,Sí
21,Chile,Español,Económico,3,Aventura,No,No,No,Sí,Sí,No,Sí,Qenqo,Tambomachay,Medio,Sí,3700,Aclimatación recomendada,Caminata,Trekking,Medio,No,Sí
39,Japón,Japonés,Alto,8,Fotografía,No,No,Sí,Sí,Sí,Sí,Sí,Qenqo,Piedra de los 12 Ángulos,Medio,Sí,3600,Consumir agua frecuentemente,Bus,Fotográfico,Medio,Sí,Sí
52,Italia,Italiano,Medio,9,Cultural,Sí,No,No,Sí,No,Sí,Sí,Qenqo,Museo Inka,Bajo,Sí,3400,Llevar ropa térmica,Bus,Histórico,Bajo,Sí,Sí
31,México,Español,Medio,6,Gastronómico,No,No,No,Sí,No,Sí,Sí,Qenqo,Mercado de San Pedro,Bajo,Sí,3400,Hidratación permanente,Bus,Gastronómico,Bajo,Sí,Sí
44,Australia,Inglés,Alto,11,Relajación,No,Sí,No,Sí,Sí,Sí,No,Qenqo,Yucay,Bajo,No,3200,Descansar adecuadamente,Bus,Relax,Bajo,Sí,Sí
20,Bolivia,Español,Económico,4,Mochilero,No,No,No,No,Sí,No,Sí,Qenqo,Barrio de San Blas,Medio,Sí,3600,Aclimatación previa,Caminata,Cultural,Medio,No,No
38,Corea del Sur,Coreano,Alto,7,Fotografía,No,No,Sí,Sí,Sí,Sí,Sí,Qenqo,Sacsayhuamán,Medio,Sí,3600,Evitar comidas pesadas,Bus,Fotográfico,Medio,Sí,Sí
60,Reino Unido,Inglés,Alto,10,Cultural,Sí,Sí,No,Sí,No,Sí,No,Qenqo,Qorikancha,Bajo,No,3200,Hidratación y descanso,Bus,Histórico,Bajo,Sí,Sí
24,Ecuador,Español,Económico,5,Aventura,No,No,No,Sí,Sí,No,Sí,Qenqo,Puca Pucara,Medio,Sí,3600,Consumir mate de coca,Caminata,Aventura,Medio,No,Sí
35,Suecia,Inglés,Medio,8,Cultural,No,No,No,Sí,Sí,Sí,Sí,Qenqo,Museo Inka,Medio,Sí,3500,Control médico,Bus,City Tour,Medio,Sí,Sí
47,Suiza,Alemán,Alto,9,Relajación,Sí,No,Sí,Sí,Sí,Sí,No,Qenqo,Centro Histórico de Cusco,Bajo,No,3200,Llevar medicamentos,Bus,Relax,Bajo,Sí,Sí
22,Paraguay,Español,Económico,4,Mochilero,No,No,No,No,Sí,No,Sí,Qenqo,Tambomachay,Medio,Sí,3600,Usar ropa ligera,Caminata,Trekking,Medio,No,No
41,China,Chino,Alto,8,Fotografía,No,No,Sí,Sí,Sí,Sí,Sí,Qenqo,Piedra de los 12 Ángulos,Medio,Sí,3600,Hidratación adecuada,Bus,Fotográfico,Medio,Sí,Sí
32,Portugal,Portugués,Medio,7,Cultural,No,No,No,Sí,No,Sí,Sí,Qenqo,Sacsayhuamán,Medio,Sí,3500,Aclimatación obligatoria,Bus,Histórico,Medio,Sí,Sí
56,Noruega,Noruego,Alto,10,Relajación,Sí,Sí,No,Sí,Sí,Sí,No,Qenqo,Yucay,Bajo,No,3200,Evitar alcohol,Bus,Relax,Bajo,Sí,Sí
25,Colombia,Español,Económico,5,Aventura,No,No,No,Sí,Sí,No,Sí,Qenqo,Puca Pucara,Medio,Sí,3600,Descanso previo,Caminata,Cultural,Medio,No,Sí
45,Bélgica,Francés,Alto,8,Histórico,No,No,No,Sí,No,Sí,Sí,Qenqo,Qorikancha,Bajo,Sí,3400,Consumir líquidos,Bus,Histórico,Bajo,Sí,Sí
19,Uruguay,Español,Económico,3,Mochilero,No,No,No,No,Sí,No,Sí,Qenqo,Barrio de San Blas,Medio,Sí,3600,Hidratación constante,Caminata,Cultural,Medio,No,No
50,Dinamarca,Inglés,Alto,9,Relajación,Sí,No,Sí,Sí,Sí,Sí,No,Qenqo,Centro Histórico de Cusco,Bajo,No,3200,Usar bloqueador,Bus,Relax,Bajo,Sí,Sí
34,India,Inglés,Medio,7,Fotografía,No,No,No,Sí,Sí,Sí,Sí,Qenqo,Piedra de los 12 Ángulos,Medio,Sí,3600,Medicamentos básicos,Caminata,Fotográfico,Medio,Sí,Sí
28,Turquía,Turco,Medio,6,Cultural,No,No,No,Sí,No,Sí,Sí,Qenqo,Museo Inka,Medio,Sí,3500,Descanso adecuado,Bus,Histórico,Medio,Sí,Sí
58,Irlanda,Inglés,Alto,11,Relajación,Sí,Sí,No,Sí,Sí,Sí,No,Qenqo,Yucay,Bajo,No,3200,Aclimatación y descanso,Bus,Relax,Bajo,Sí,Sí
23,Nueva Zelanda,Inglés,Económico,5,Aventura,No,No,No,Sí,Sí,No,Sí,Qenqo,Tambomachay,Medio,Sí,3700,Hidratación continua,Caminata,Trekking,Medio,No,Sí
28,Perú,Español,Medio,5,Cultural,No,No,No,Sí,Sí,Sí,Sí,Tambomachay,Qenqo,Medio,Sí,3700,Preparación física,Bus,Arqueológico,Medio,Sí,Sí
43,Estados Unidos,Inglés,Alto,9,Aventura,No,No,Sí,Sí,Sí,No,Sí,Tambomachay,Puca Pucara,Medio,Sí,3800,Consumir agua,Caminata,City Tour,Medio,Sí,Sí
24,Argentina,Español,Económico,4,Mochilero,No,No,No,No,Sí,No,Sí,Tambomachay,Sacsayhuamán,Medio,Sí,3700,Consulta médica,Caminata,Cultural,Medio,No,No
57,Canadá,Inglés,Alto,10,Relajación,Sí,Sí,No,Sí,No,Sí,No,Tambomachay,Yucay,Bajo,No,3200,Hidratación permanente,Bus,Relax,Bajo,Sí,Sí
35,Francia,Francés,Medio,7,Fotografía,No,No,No,Sí,Sí,Sí,Sí,Tambomachay,Qenqo,Medio,Sí,3700,Ropa térmica,Caminata,Fotográfico,Medio,Sí,Sí
30,Brasil,Portugués,Medio,6,Cultural,No,No,No,Sí,Sí,Sí,Sí,Tambomachay,Qorikancha,Medio,Sí,3600,Descanso moderado,Bus,Histórico,Medio,Sí,Sí
49,Alemania,Alemán,Alto,9,Relajación,Sí,No,Sí,Sí,No,Sí,No,Tambomachay,Centro Histórico de Cusco,Bajo,No,3200,Aclimatación previa,Bus,Relax,Bajo,Sí,Sí
22,Chile,Español,Económico,3,Aventura,No,No,No,Sí,Sí,No,Sí,Tambomachay,Puca Pucara,Medio,Sí,3800,Consumir mate de coca,Caminata,Trekking,Medio,No,Sí
40,Japón,Japonés,Alto,8,Fotografía,No,No,Sí,Sí,Sí,Sí,Sí,Tambomachay,Piedra de los 12 Ángulos,Medio,Sí,3700,Hidratación continua,Bus,Fotográfico,Medio,Sí,Sí
53,Italia,Italiano,Medio,9,Cultural,Sí,No,No,Sí,No,Sí,Sí,Tambomachay,Museo Inka,Bajo,Sí,3400,Descansar correctamente,Bus,Histórico,Bajo,Sí,Sí
32,México,Español,Medio,6,Gastronómico,No,No,No,Sí,No,Sí,Sí,Tambomachay,Mercado de San Pedro,Bajo,Sí,3400,Control de presión,Bus,Gastronómico,Bajo,Sí,Sí
45,Australia,Inglés,Alto,11,Relajación,No,Sí,No,Sí,Sí,Sí,No,Tambomachay,Yucay,Bajo,No,3200,Hidratación y descanso,Bus,Relax,Bajo,Sí,Sí
21,Bolivia,Español,Económico,4,Mochilero,No,No,No,No,Sí,No,Sí,Tambomachay,Barrio de San Blas,Medio,Sí,3700,Preparación física,Caminata,Cultural,Medio,No,No
39,Corea del Sur,Coreano,Alto,7,Fotografía,No,No,Sí,Sí,Sí,Sí,Sí,Tambomachay,Sacsayhuamán,Medio,Sí,3700,Consumir líquidos,Bus,Fotográfico,Medio,Sí,Sí
61,Reino Unido,Inglés,Alto,10,Cultural,Sí,Sí,No,Sí,No,Sí,No,Tambomachay,Qorikancha,Bajo,No,3200,Aclimatación previa,Bus,Histórico,Bajo,Sí,Sí
25,Ecuador,Español,Económico,5,Aventura,No,No,No,Sí,Sí,No,Sí,Tambomachay,Puca Pucara,Medio,Sí,3800,Hidratación adecuada,Caminata,Aventura,Medio,No,Sí
36,Suecia,Inglés,Medio,8,Cultural,No,No,No,Sí,Sí,Sí,Sí,Tambomachay,Museo Inka,Medio,Sí,3600,Ropa adecuada,Bus,Cultural,Medio,Sí,Sí
48,Suiza,Alemán,Alto,9,Relajación,Sí,No,Sí,Sí,Sí,Sí,No,Tambomachay,Centro Histórico de Cusco,Bajo,No,3200,Hidratación constante,Bus,Relax,Bajo,Sí,Sí
23,Paraguay,Español,Económico,4,Mochilero,No,No,No,No,Sí,No,Sí,Tambomachay,Qenqo,Medio,Sí,3700,Descansar adecuadamente,Caminata,Trekking,Medio,No,No
42,China,Chino,Alto,8,Fotografía,No,No,Sí,Sí,Sí,Sí,Sí,Tambomachay,Piedra de los 12 Ángulos,Medio,Sí,3700,Llevar medicamentos,Bus,Fotográfico,Medio,Sí,Sí
33,Portugal,Portugués,Medio,7,Cultural,No,No,No,Sí,No,Sí,Sí,Tambomachay,Sacsayhuamán,Medio,Sí,3600,Aclimatación previa,Bus,Histórico,Medio,Sí,Sí
55,Noruega,Noruego,Alto,10,Relajación,Sí,Sí,No,Sí,Sí,Sí,No,Tambomachay,Yucay,Bajo,No,3200,Consumir agua,Bus,Relax,Bajo,Sí,Sí
26,Colombia,Español,Económico,5,Aventura,No,No,No,Sí,Sí,No,Sí,Tambomachay,Puca Pucara,Medio,Sí,3800,Usar bloqueador solar,Caminata,Cultural,Medio,No,Sí
46,Bélgica,Francés,Alto,8,Histórico,No,No,No,Sí,No,Sí,Sí,Tambomachay,Qorikancha,Bajo,Sí,3400,Hidratación frecuente,Bus,Histórico,Bajo,Sí,Sí
20,Uruguay,Español,Económico,3,Mochilero,No,No,No,No,Sí,No,Sí,Tambomachay,Barrio de San Blas,Medio,Sí,3700,Descanso moderado,Caminata,Cultural,Medio,No,No
51,Dinamarca,Inglés,Alto,9,Relajación,Sí,No,Sí,Sí,Sí,Sí,No,Tambomachay,Centro Histórico de Cusco,Bajo,No,3200,Consultar médico,Bus,Relax,Bajo,Sí,Sí
34,India,Inglés,Medio,7,Fotografía,No,No,No,Sí,Sí,Sí,Sí,Tambomachay,Piedra de los 12 Ángulos,Medio,Sí,3700,Llevar snacks,Caminata,Fotográfico,Medio,Sí,Sí
29,Turquía,Turco,Medio,6,Cultural,No,No,No,Sí,No,Sí,Sí,Tambomachay,Museo Inka,Medio,Sí,3600,Usar sombrero,Bus,Histórico,Medio,Sí,Sí
59,Irlanda,Inglés,Alto,11,Relajación,Sí,Sí,No,Sí,Sí,Sí,No,Tambomachay,Yucay,Bajo,No,3200,Hidratación constante,Bus,Relax,Bajo,Sí,Sí
24,Nueva Zelanda,Inglés,Económico,5,Aventura,No,No,No,Sí,Sí,No,Sí,Tambomachay,Puca Pucara,Medio,Sí,3800,Aclimatación recomendada,Caminata,Trekking,Medio,No,Sí
29,Perú,Español,Medio,5,Cultural,No,No,No,Sí,Sí,Sí,Sí,Puca Pucara,Tambomachay,Medio,Sí,3800,Consumir líquidos,Bus,Arqueológico,Medio,Sí,Sí
44,Estados Unidos,Inglés,Alto,9,Aventura,No,No,Sí,Sí,Sí,No,Sí,Puca Pucara,Sacsayhuamán,Medio,Sí,3900,Ropa cómoda,Caminata,City Tour,Medio,Sí,Sí
25,Argentina,Español,Económico,4,Mochilero,No,No,No,No,Sí,No,Sí,Puca Pucara,Qenqo,Medio,Sí,3800,Hidratación permanente,Caminata,Cultural,Medio,No,No
58,Canadá,Inglés,Alto,10,Relajación,Sí,Sí,No,Sí,No,Sí,No,Puca Pucara,Yucay,Bajo,No,3200,Descanso adecuado,Bus,Relax,Bajo,Sí,Sí
36,Francia,Francés,Medio,7,Fotografía,No,No,No,Sí,Sí,Sí,Sí,Puca Pucara,Tambomachay,Medio,Sí,3800,Aclimatación previa,Caminata,Fotográfico,Medio,Sí,Sí
31,Brasil,Portugués,Medio,6,Cultural,No,No,No,Sí,Sí,Sí,Sí,Puca Pucara,Qorikancha,Medio,Sí,3600,Evitar comidas pesadas,Bus,Histórico,Medio,Sí,Sí
50,Alemania,Alemán,Alto,9,Relajación,Sí,No,Sí,Sí,No,Sí,No,Puca Pucara,Centro Histórico de Cusco,Bajo,No,3200,Hidratación y descanso,Bus,Relax,Bajo,Sí,Sí
23,Chile,Español,Económico,3,Aventura,No,No,No,Sí,Sí,No,Sí,Puca Pucara,Tambomachay,Medio,Sí,3900,Consumir mate de coca,Caminata,Trekking,Medio,No,Sí
41,Japón,Japonés,Alto,8,Fotografía,No,No,Sí,Sí,Sí,Sí,Sí,Puca Pucara,Piedra de los 12 Ángulos,Medio,Sí,3800,Control médico,Bus,Fotográfico,Medio,Sí,Sí
54,Italia,Italiano,Medio,9,Cultural,Sí,No,No,Sí,No,Sí,Sí,Puca Pucara,Museo Inka,Bajo,Sí,3400,Llevar medicamentos,Bus,Histórico,Bajo,Sí,Sí
33,México,Español,Medio,6,Gastronómico,No,No,No,Sí,No,Sí,Sí,Puca Pucara,Mercado de San Pedro,Bajo,Sí,3400,Usar ropa ligera,Bus,Gastronómico,Bajo,Sí,Sí
46,Australia,Inglés,Alto,11,Relajación,No,Sí,No,Sí,Sí,Sí,No,Puca Pucara,Yucay,Bajo,No,3200,Hidratación adecuada,Bus,Relax,Bajo,Sí,Sí
22,Bolivia,Español,Económico,4,Mochilero,No,No,No,No,Sí,No,Sí,Puca Pucara,Barrio de San Blas,Medio,Sí,3800,Aclimatación obligatoria,Caminata,Cultural,Medio,No,No
40,Corea del Sur,Coreano,Alto,7,Fotografía,No,No,Sí,Sí,Sí,Sí,Sí,Puca Pucara,Sacsayhuamán,Medio,Sí,3800,Evitar alcohol,Bus,Fotográfico,Medio,Sí,Sí
62,Reino Unido,Inglés,Alto,10,Cultural,Sí,Sí,No,Sí,No,Sí,No,Puca Pucara,Qorikancha,Bajo,No,3200,Descanso previo,Bus,Histórico,Bajo,Sí,Sí
26,Ecuador,Español,Económico,5,Aventura,No,No,No,Sí,Sí,No,Sí,Puca Pucara,Tambomachay,Medio,Sí,3900,Consumir líquidos,Caminata,Aventura,Medio,No,Sí
37,Suecia,Inglés,Medio,8,Cultural,No,No,No,Sí,Sí,Sí,Sí,Puca Pucara,Museo Inka,Medio,Sí,3600,Hidratación constante,Bus,Cultural,Medio,Sí,Sí
49,Suiza,Alemán,Alto,9,Relajación,Sí,No,Sí,Sí,Sí,Sí,No,Puca Pucara,Centro Histórico de Cusco,Bajo,No,3200,Usar bloqueador,Bus,Relax,Bajo,Sí,Sí
24,Paraguay,Español,Económico,4,Mochilero,No,No,No,No,Sí,No,Sí,Puca Pucara,Qenqo,Medio,Sí,3800,Aclimatación previa,Caminata,Trekking,Medio,No,No
43,China,Chino,Alto,8,Fotografía,No,No,Sí,Sí,Sí,Sí,Sí,Puca Pucara,Piedra de los 12 Ángulos,Medio,Sí,3800,Hidratación constante,Bus,Fotográfico,Medio,Sí,Sí
34,Portugal,Portugués,Medio,7,Cultural,No,No,No,Sí,No,Sí,Sí,Puca Pucara,Sacsayhuamán,Medio,Sí,3600,Llevar medicamentos,Bus,Histórico,Medio,Sí,Sí
56,Noruega,Noruego,Alto,10,Relajación,Sí,Sí,No,Sí,Sí,Sí,No,Puca Pucara,Yucay,Bajo,No,3200,Preparación física,Bus,Relax,Bajo,Sí,Sí
27,Colombia,Español,Económico,5,Aventura,No,No,No,Sí,Sí,No,Sí,Puca Pucara,Tambomachay,Medio,Sí,3900,Consumir agua,Caminata,Cultural,Medio,No,Sí
47,Bélgica,Francés,Alto,8,Histórico,No,No,No,Sí,No,Sí,Sí,Puca Pucara,Qorikancha,Bajo,Sí,3400,Aclimatación obligatoria,Bus,Histórico,Bajo,Sí,Sí
21,Uruguay,Español,Económico,3,Mochilero,No,No,No,No,Sí,No,Sí,Puca Pucara,Barrio de San Blas,Medio,Sí,3800,Hidratación frecuente,Caminata,Cultural,Medio,No,No
52,Dinamarca,Inglés,Alto,9,Relajación,Sí,No,Sí,Sí,Sí,Sí,No,Puca Pucara,Centro Histórico de Cusco,Bajo,No,3200,Descansar correctamente,Bus,Relax,Bajo,Sí,Sí
35,India,Inglés,Medio,7,Fotografía,No,No,No,Sí,Sí,Sí,Sí,Puca Pucara,Piedra de los 12 Ángulos,Medio,Sí,3800,Consultar médico,Caminata,Fotográfico,Medio,Sí,Sí
30,Turquía,Turco,Medio,6,Cultural,No,No,No,Sí,No,Sí,Sí,Puca Pucara,Museo Inka,Medio,Sí,3600,Llevar snacks energéticos,Bus,Histórico,Medio,Sí,Sí
60,Irlanda,Inglés,Alto,11,Relajación,Sí,Sí,No,Sí,Sí,Sí,No,Puca Pucara,Yucay,Bajo,No,3200,Usar bloqueador solar,Bus,Relax,Bajo,Sí,Sí
25,Nueva Zelanda,Inglés,Económico,5,Aventura,No,No,No,Sí,Sí,No,Sí,Puca Pucara,Tambomachay,Medio,Sí,3900,Hidratación adecuada,Caminata,Trekking,Medio,No,Sí
31,Perú,Español,Medio,5,Cultural,No,No,No,Sí,Sí,Sí,Sí,Ollantaytambo,Valle Sagrado de los Incas,Medio,Sí,3400,Aclimatación previa,Tren,Cultural,Bajo,Sí,Sí
45,Estados Unidos,Inglés,Alto,8,Aventura,No,No,Sí,Sí,Sí,No,Sí,Ollantaytambo,Camino Inca,Alto,Sí,4200,Consumir líquidos,Tren,Trekking,Alto,No,Sí
24,Argentina,Español,Económico,4,Mochilero,No,No,No,No,Sí,No,Sí,Ollantaytambo,Pisac,Medio,Sí,3500,Ropa cómoda,Bus,Mochilero,Medio,No,No
57,Canadá,Inglés,Alto,10,Relajación,Sí,Sí,No,Sí,No,Sí,No,Ollantaytambo,Yucay,Bajo,No,3200,Hidratación permanente,Bus,Relax,Bajo,Sí,Sí
36,Francia,Francés,Medio,7,Fotografía,No,No,No,Sí,Sí,Sí,Sí,Ollantaytambo,Maras,Medio,Sí,3600,Descansar adecuadamente,Tren,Fotográfico,Medio,Sí,Sí
30,Brasil,Portugués,Medio,6,Cultural,No,No,No,Sí,Sí,Sí,Sí,Ollantaytambo,Chinchero,Medio,Sí,3500,Aclimatación recomendada,Bus,Histórico,Medio,Sí,Sí
49,Alemania,Alemán,Alto,9,Relajación,Sí,No,Sí,Sí,No,Sí,No,Ollantaytambo,Urubamba,Bajo,No,3200,Evitar comidas pesadas,Bus,Relax,Bajo,Sí,Sí
22,Chile,Español,Económico,3,Aventura,No,No,No,Sí,Sí,No,Sí,Ollantaytambo,Camino Inca,Alto,Sí,4200,Hidratación y descanso,Caminata,Trekking,Alto,No,Sí
41,Japón,Japonés,Alto,8,Fotografía,No,No,Sí,Sí,Sí,Sí,Sí,Ollantaytambo,Machu Picchu,Medio,Sí,3600,Consumir mate de coca,Tren,Fotográfico,Medio,Sí,Sí
54,Italia,Italiano,Medio,9,Cultural,Sí,No,No,Sí,No,Sí,Sí,Ollantaytambo,Qorikancha,Bajo,Sí,3400,Control médico,Bus,Histórico,Bajo,Sí,Sí
33,México,Español,Medio,6,Gastronómico,No,No,No,Sí,No,Sí,Sí,Ollantaytambo,Mercado de San Pedro,Bajo,Sí,3400,Llevar medicamentos,Bus,Gastronómico,Bajo,Sí,Sí
46,Australia,Inglés,Alto,11,Relajación,No,Sí,No,Sí,Sí,Sí,No,Ollantaytambo,Yucay,Bajo,No,3200,Usar ropa ligera,Bus,Relax,Bajo,Sí,Sí
21,Bolivia,Español,Económico,4,Mochilero,No,No,No,No,Sí,No,Sí,Ollantaytambo,Pisac,Medio,Sí,3500,Hidratación adecuada,Bus,Cultural,Medio,No,No
40,Corea del Sur,Coreano,Alto,7,Fotografía,No,No,Sí,Sí,Sí,Sí,Sí,Ollantaytambo,Machu Picchu,Medio,Sí,3600,Aclimatación obligatoria,Tren,Fotográfico,Medio,Sí,Sí
62,Reino Unido,Inglés,Alto,10,Cultural,Sí,Sí,No,Sí,No,Sí,No,Ollantaytambo,Urubamba,Bajo,No,3200,Evitar alcohol,Bus,Histórico,Bajo,Sí,Sí
26,Ecuador,Español,Económico,5,Aventura,No,No,No,Sí,Sí,No,Sí,Ollantaytambo,Camino Inca,Alto,Sí,4200,Descanso previo,Caminata,Aventura,Alto,No,Sí
37,Suecia,Inglés,Medio,8,Cultural,No,No,No,Sí,Sí,Sí,Sí,Ollantaytambo,Valle Sagrado de los Incas,Medio,Sí,3500,Consumir líquidos,Bus,Cultural,Medio,Sí,Sí
48,Suiza,Alemán,Alto,9,Relajación,Sí,No,Sí,Sí,Sí,Sí,No,Ollantaytambo,Urubamba,Bajo,No,3200,Hidratación constante,Bus,Relax,Bajo,Sí,Sí
23,Paraguay,Español,Económico,4,Mochilero,No,No,No,No,Sí,No,Sí,Ollantaytambo,Pisac,Medio,Sí,3500,Usar bloqueador,Bus,Mochilero,Medio,No,No
43,China,Chino,Alto,8,Fotografía,No,No,Sí,Sí,Sí,Sí,Sí,Ollantaytambo,Machu Picchu,Medio,Sí,3600,Medicamentos básicos,Tren,Fotográfico,Medio,Sí,Sí
34,Portugal,Portugués,Medio,7,Cultural,No,No,No,Sí,No,Sí,Sí,Ollantaytambo,Chinchero,Medio,Sí,3500,Descanso adecuado,Bus,Histórico,Medio,Sí,Sí
56,Noruega,Noruego,Alto,10,Relajación,Sí,Sí,No,Sí,Sí,Sí,No,Ollantaytambo,Yucay,Bajo,No,3200,Aclimatación y descanso,Bus,Relax,Bajo,Sí,Sí
27,Colombia,Español,Económico,5,Aventura,No,No,No,Sí,Sí,No,Sí,Ollantaytambo,Camino Inca,Alto,Sí,4200,Hidratación continua,Caminata,Trekking,Alto,No,Sí
47,Bélgica,Francés,Alto,8,Histórico,No,No,No,Sí,No,Sí,Sí,Ollantaytambo,Qorikancha,Bajo,Sí,3400,Preparación física,Bus,Histórico,Bajo,Sí,Sí
20,Uruguay,Español,Económico,3,Mochilero,No,No,No,No,Sí,No,Sí,Ollantaytambo,Barrio de San Blas,Medio,Sí,3500,Consumir agua,Caminata,Cultural,Medio,No,No
52,Dinamarca,Inglés,Alto,9,Relajación,Sí,No,Sí,Sí,Sí,Sí,No,Ollantaytambo,Urubamba,Bajo,No,3200,Consulta médica,Bus,Relax,Bajo,Sí,Sí
35,India,Inglés,Medio,7,Fotografía,No,No,No,Sí,Sí,Sí,Sí,Ollantaytambo,Maras,Medio,Sí,3600,Hidratación permanente,Caminata,Fotográfico,Medio,Sí,Sí
30,Turquía,Turco,Medio,6,Cultural,No,No,No,Sí,No,Sí,Sí,Ollantaytambo,Valle Sagrado de los Incas,Medio,Sí,3500,Ropa térmica,Bus,Histórico,Medio,Sí,Sí
60,Irlanda,Inglés,Alto,11,Relajación,Sí,Sí,No,Sí,Sí,Sí,No,Ollantaytambo,Yucay,Bajo,No,3200,Descanso moderado,Bus,Relax,Bajo,Sí,Sí
25,Nueva Zelanda,Inglés,Económico,5,Aventura,No,No,No,Sí,Sí,No,Sí,Ollantaytambo,Camino Inca,Alto,Sí,4200,Aclimatación previa,Caminata,Trekking,Alto,No,Sí
29,Finlandia,Inglés,Medio,6,Cultural,No,No,No,Sí,Sí,Sí,Sí,Ollantaytambo,Chinchero,Medio,Sí,3500,Consumir mate de coca,Bus,Cultural,Medio,Sí,Sí
44,Marruecos,Árabe,Medio,7,Histórico,No,No,Sí,Sí,No,Sí,Sí,Ollantaytambo,Qorikancha,Bajo,Sí,3400,Hidratación continua,Bus,Histórico,Bajo,Sí,Sí
28,Tailandia,Tailandés,Económico,5,Mochilero,No,No,No,No,Sí,No,Sí,Ollantaytambo,Pisac,Medio,Sí,3500,Descansar correctamente,Bus,Mochilero,Medio,No,No
51,Finlandia,Inglés,Alto,9,Relajación,Sí,Sí,No,Sí,Sí,Sí,No,Ollantaytambo,Urubamba,Bajo,No,3200,Control de presión,Bus,Relax,Bajo,Sí,Sí
32,India,Inglés,Medio,8,Fotografía,No,No,No,Sí,Sí,Sí,Sí,Ollantaytambo,Maras,Medio,Sí,3600,Hidratación y descanso,Caminata,Fotográfico,Medio,Sí,Sí
24,Indonesia,Indonesio,Económico,4,Aventura,No,No,No,Sí,Sí,No,Sí,Ollantaytambo,Camino Inca,Alto,Sí,4200,Preparación física,Caminata,Trekking,Alto,No,Sí
48,Turquía,Turco,Alto,10,Cultural,No,No,No,Sí,No,Sí,Sí,Ollantaytambo,Valle Sagrado de los Incas,Medio,Sí,3500,Consumir líquidos,Bus,Histórico,Medio,Sí,Sí
39,Israel,Hebreo,Alto,7,Fotografía,No,No,Sí,Sí,Sí,Sí,Sí,Ollantaytambo,Machu Picchu,Medio,Sí,3600,Aclimatación previa,Tren,Fotográfico,Medio,Sí,Sí
22,Egipto,Árabe,Económico,5,Mochilero,No,No,No,No,Sí,No,Sí,Ollantaytambo,Barrio de San Blas,Medio,Sí,3500,Hidratación adecuada,Caminata,Cultural,Medio,No,No
55,Bélgica,Francés,Alto,10,Relajación,Sí,Sí,Sí,Sí,No,Sí,No,Ollantaytambo,Yucay,Bajo,No,3200,Ropa adecuada,Bus,Relax,Bajo,Sí,Sí
31,China,Chino,Alto,9,Cultural,No,No,No,Sí,Sí,Sí,Sí,Ollantaytambo,Chinchero,Medio,Sí,3500,Descanso previo,Bus,Cultural,Medio,Sí,Sí
27,Filipinas,Inglés,Medio,6,Aventura,No,No,No,Sí,Sí,No,Sí,Ollantaytambo,Camino Inca,Alto,Sí,4200,Consumir líquidos,Caminata,Trekking,Alto,No,Sí
43,Rusia,Ruso,Alto,8,Fotografía,No,No,No,Sí,Sí,Sí,Sí,Ollantaytambo,Maras,Medio,Sí,3600,Hidratación constante,Tren,Fotográfico,Medio,Sí,Sí
36,Sudáfrica,Inglés,Medio,7,Cultural,No,No,No,Sí,No,Sí,Sí,Ollantaytambo,Qorikancha,Bajo,Sí,3400,Usar bloqueador,Bus,Histórico,Bajo,Sí,Sí
20,Nepal,Nepalí,Económico,5,Mochilero,No,No,No,No,Sí,No,Sí,Ollantaytambo,Pisac,Medio,Sí,3500,Medicamentos básicos,Caminata,Mochilero,Medio,No,No
53,Irlanda,Inglés,Alto,11,Relajación,Sí,Sí,No,Sí,Sí,Sí,No,Ollantaytambo,Yucay,Bajo,No,3200,Descanso adecuado,Bus,Relax,Bajo,Sí,Sí
28,Malasia,Malayo,Medio,7,Fotografía,No,No,No,Sí,Sí,Sí,Sí,Ollantaytambo,Machu Picchu,Medio,Sí,3600,Aclimatación y descanso,Tren,Fotográfico,Medio,Sí,Sí
40,Hungría,Húngaro,Alto,8,Cultural,No,No,Sí,Sí,No,Sí,Sí,Ollantaytambo,Valle Sagrado de los Incas,Medio,Sí,3500,Hidratación continua,Bus,Histórico,Medio,Sí,Sí
23,Pakistán,Urdu,Económico,4,Aventura,No,No,No,Sí,Sí,No,Sí,Ollantaytambo,Camino Inca,Alto,Sí,4200,Preparación física,Caminata,Trekking,Alto,No,Sí
61,Dinamarca,Inglés,Alto,10,Relajación,Sí,Sí,Sí,Sí,No,Sí,No,Ollantaytambo,Urubamba,Bajo,No,3200,Consumir agua,Bus,Relax,Bajo,Sí,Sí
34,Singapur,Inglés,Alto,7,Cultural,No,No,No,Sí,Sí,Sí,Sí,Ollantaytambo,Chinchero,Medio,Sí,3500,Consulta médica,Bus,Cultural,Medio,Sí,Sí
25,Croacia,Croata,Económico,5,Mochilero,No,No,No,No,Sí,No,Sí,Ollantaytambo,Barrio de San Blas,Medio,Sí,3500,Hidratación permanente,Caminata,Cultural,Medio,No,No
27,Australia,Inglés,Alto,8,Cultural,No,No,No,Sí,Sí,Sí,Sí,Moray,Salineras de Maras,Medio,Sí,3200,Ropa térmica,Bus + Caminata,Moray Cultural Tour,Medio,Sí,Sí
34,Perú,Español,Medio,6,Cultural,No,No,No,Sí,Sí,Sí,Sí,Moray,Chinchero,Bajo,Sí,3000,Descanso moderado,Bus,Valle Sagrado Full Day,Bajo,Sí,Sí
25,Estados Unidos,Inglés,Alto,9,Fotografía,No,No,Sí,Sí,Sí,Sí,Sí,Moray,Maras,Medio,Sí,3300,Aclimatación previa,Van Turística,Moray Explorer,Medio,Sí,No
41,Canadá,Inglés,Alto,10,Cultural,No,No,No,Sí,Sí,Sí,Sí,Moray,Ollantaytambo,Medio,Sí,3200,Consumir mate de coca,Bus Turístico,Andes Heritage Tour,Medio,Sí,No
22,Argentina,Español,Económico,5,Cultural,No,No,No,Sí,Sí,No,Sí,Moray,Pisac,Bajo,Sí,2900,Hidratación continua,Bus,Ruta Andina,Bajo,Sí,Sí
38,Alemania,Alemán,Alto,11,Fotografía,No,No,No,Sí,Sí,Sí,Sí,Moray,Valle Sagrado,Medio,Sí,3300,Descansar correctamente,Van,Aventura Cultural,Medio,No,No
30,Francia,Francés,Medio,7,Cultural,No,No,Sí,Sí,Sí,Sí,Sí,Moray,Chinchero,Medio,Sí,3100,Control de presión,Bus,Moray Experience,Medio,Sí,Sí
24,Brasil,Portugués,Medio,6,Naturaleza,No,No,No,Sí,Sí,No,Sí,Moray,Maras,Bajo,Sí,3000,Hidratación y descanso,Bus + Caminata,Tour Valle Sagrado,Bajo,Sí,Sí
45,Chile,Español,Alto,8,Cultural,Sí,No,No,Sí,Sí,Sí,Sí,Moray,Qorikancha,Bajo,No,2600,Hidratación constante,Bus,Cusco Histórico,Bajo,Sí,Sí
28,Japón,Japonés,Alto,9,Fotografía,No,No,Sí,Sí,Sí,Sí,Sí,Moray,Machu Picchu,Medio,Sí,3200,Descansar adecuadamente,Van,Moray Premium,Medio,No,No
36,Italia,Italiano,Medio,7,Cultural,No,No,No,Sí,Sí,Sí,Sí,Moray,Urubamba,Bajo,Sí,3000,Llevar medicamentos,Bus,Ruta Imperial,Bajo,Sí,Sí
31,México,Español,Medio,8,Cultural,No,No,No,Sí,Sí,No,Sí,Moray,Sacsayhuamán,Bajo,Sí,2900,Aclimatación previa,Bus,Aventura Cusco,Bajo,Sí,Sí
40,Reino Unido,Inglés,Alto,10,Fotografía,No,No,Sí,Sí,Sí,Sí,Sí,Moray,Salineras de Maras,Medio,Sí,3300,Consumir agua,Van,Andes Experience,Medio,No,No
26,España,Español,Medio,6,Cultural,No,No,No,Sí,Sí,Sí,Sí,Moray,Pikillacta,Bajo,Sí,2800,Usar bloqueador solar,Bus,Cusco Nature,Bajo,Sí,Sí
33,China,Chino,Alto,9,Naturaleza,No,No,No,Sí,Sí,Sí,Sí,Moray,Laguna Huaypo,Medio,Sí,3200,Hidratación frecuente,Van,Moray Andes,Medio,No,No
37,Corea del Sur,Coreano,Alto,8,Fotografía,No,No,Sí,Sí,Sí,Sí,Sí,Moray,Valle Sagrado,Medio,Sí,3100,Descanso moderado,Bus + Caminata,Aventura Extrema,Medio,No,No
23,Colombia,Español,Económico,5,Cultural,No,No,No,Sí,Sí,No,Sí,Moray,Centro Histórico de Cusco,Bajo,Sí,2700,Consultar médico,Bus,Ruta Cultural,Bajo,Sí,Sí
44,Suiza,Alemán,Alto,11,Cultural,No,No,No,Sí,Sí,Sí,Sí,Moray,Camino Inca,Medio,Sí,3300,Llevar snacks,Van,Moray Elite,Medio,No,No
27,Ecuador,Español,Medio,6,Cultural,No,No,Sí,Sí,Sí,Sí,Sí,Moray,Tipón,Bajo,Sí,2900,Usar sombrero,Bus,Cusco Adventure,Bajo,Sí,Sí
39,Países Bajos,Inglés,Alto,10,Fotografía,No,No,No,Sí,Sí,Sí,Sí,Moray,Nevado Salkantay,Medio,Sí,3300,Hidratación constante,Van,Moray Nature,Medio,No,No
25,Perú,Español,Económico,5,Cultural,No,No,No,Sí,Sí,No,Sí,Moray,Puca Pucara,Bajo,Sí,2700,Aclimatación recomendada,Bus,Cusco Explorer,Bajo,Sí,Sí
42,Bélgica,Francés,Alto,9,Cultural,Sí,No,No,Sí,Sí,Sí,Sí,Moray,Qenqo,Bajo,Sí,2500,Consumir líquidos,Bus,Cultural Andes,Bajo,Sí,Sí
30,Turquía,Turco,Medio,7,Fotografía,No,No,Sí,Sí,Sí,Sí,Sí,Moray,Pisac,Medio,Sí,3000,Ropa cómoda,Bus + Caminata,Moray Hiking,Medio,No,No
35,India,Inglés,Alto,8,Naturaleza,No,No,No,Sí,Sí,Sí,Sí,Moray,Maras,Medio,Sí,3200,Hidratación permanente,Van,Andean Tour,Medio,No,No
21,Bolivia,Español,Económico,4,Cultural,No,No,No,Sí,Sí,No,Sí,Moray,Plaza de Armas del Cusco,Bajo,Sí,2600,Descanso adecuado,Bus,Cusco Backpacker,Bajo,Sí,Sí
46,Noruega,Inglés,Alto,10,Fotografía,No,No,Sí,Sí,Sí,Sí,Sí,Moray,Montaña de 7 Colores,Medio,Sí,3400,Aclimatación previa,Van,Aventura Premium,Medio,No,No
28,Portugal,Portugués,Medio,6,Cultural,No,No,No,Sí,Sí,Sí,Sí,Moray,Valle Sagrado de los Incas,Bajo,Sí,2800,Evitar comidas pesadas,Bus,Ruta Cusco,Bajo,Sí,Sí
32,Israel,Hebreo,Alto,9,Naturaleza,No,No,No,Sí,Sí,Sí,Sí,Moray,Laguna Piuray,Medio,Sí,3200,Hidratación y descanso,Van,Moray Andes,Medio,No,No
24,Perú,Español,Económico,5,Cultural,No,No,Sí,Sí,Sí,No,Sí,Moray,Barrio de San Blas,Bajo,Sí,2700,Consumir mate de coca,Bus,Cultural Trek,Bajo,Sí,Sí
41,Irlanda,Inglés,Alto,10,Fotografía,No,No,No,Sí,Sí,Sí,Sí,Moray,Salkantay Trek,Medio,Sí,3300,Control médico,Van,Moray Full Adventure,Medio,No,No
26,Sudáfrica,Inglés,Medio,7,Naturaleza,No,No,No,Sí,Sí,Sí,Sí,Moray,Ollantaytambo,Medio,Sí,3000,Llevar medicamentos,Bus + Caminata,Aventura Cusco,Medio,No,No
34,Filipinas,Inglés,Medio,6,Fotografía,No,No,Sí,Sí,Sí,Sí,Sí,Moray,Maras,Bajo,Sí,2900,Usar ropa ligera,Bus,Ruta Andina,Bajo,Sí,Sí
29,Marruecos,Árabe,Económico,5,Cultural,No,No,No,Sí,Sí,No,Sí,Moray,Catedral del Cusco,Bajo,Sí,2600,Hidratación adecuada,Bus,Cultural Cusco,Bajo,Sí,Sí
43,Suecia,Inglés,Alto,11,Fotografía,No,No,No,Sí,Sí,Sí,Sí,Moray,Nevado Salkantay,Medio,Sí,3400,Aclimatación obligatoria,Van,Moray Extreme,Medio,No,No
27,Indonesia,Indonesio,Medio,8,Naturaleza,No,No,Sí,Sí,Sí,Sí,Sí,Moray,Tambomachay,Medio,Sí,3100,Evitar alcohol,Bus + Caminata,Aventura Andes,Medio,No,No
38,Dinamarca,Inglés,Alto,9,Cultural,No,No,No,Sí,Sí,Sí,Sí,Moray,Camino Inca,Medio,Sí,3300,Descanso previo,Van,Moray Explorer,Medio,No,No
23,Uruguay,Español,Económico,4,Cultural,No,No,No,Sí,Sí,No,Sí,Moray,Sacsayhuamán,Bajo,Sí,2500,Consumir líquidos,Bus,Cusco Aventura,Bajo,Sí,Sí
45,Austria,Alemán,Alto,10,Cultural,Sí,No,Sí,Sí,Sí,Sí,Sí,Moray,Qorikancha,Bajo,Sí,2400,Hidratación constante,Bus,Tour Cultural,Bajo,Sí,Sí
31,Costa Rica,Español,Medio,7,Naturaleza,No,No,No,Sí,Sí,Sí,Sí,Moray,Pisac,Medio,Sí,3000,Usar bloqueador,Bus + Caminata,Ruta Trekking,Medio,No,Sí
25,Nueva Zelanda,Inglés,Alto,8,Fotografía,No,No,No,Sí,Sí,Sí,Sí,Moray,Laguna Humantay,Medio,Sí,3200,Medicamentos básicos,Van,Andean Adventure,Medio,No,No
36,Paraguay,Español,Económico,5,Cultural,No,No,Sí,Sí,Sí,No,Sí,Moray,Centro Histórico de Cusco,Bajo,Sí,2700,Descanso adecuado,Bus,Cultural Explorer,Bajo,Sí,Sí
40,Rusia,Ruso,Alto,10,Fotografía,No,No,No,Sí,Sí,Sí,Sí,Moray,Montaña de 7 Colores,Medio,Sí,3400,Aclimatación y descanso,Van,Moray Trek,Medio,No,No
28,Perú,Español,Medio,6,Cultural,No,No,No,Sí,Sí,Sí,Sí,Moray,Valle Sagrado de los Incas,Bajo,Sí,2800,Hidratación continua,Bus,Ruta Imperial,Bajo,Sí,Sí
33,Finlandia,Inglés,Alto,9,Fotografía,No,No,Sí,Sí,Sí,Sí,Sí,Moray,Maras,Medio,Sí,3200,Preparación física,Van,Andes Full Tour,Medio,No,No
22,Venezuela,Español,Económico,4,Cultural,No,No,No,Sí,Sí,No,Sí,Moray,Mercado de San Pedro,Bajo,Sí,2600,Consumir agua,Bus,Backpacker Cusco,Bajo,Sí,Sí
47,Hungría,Húngaro,Alto,11,Cultural,Sí,No,No,Sí,Sí,Sí,Sí,Moray,Qenqo,Bajo,Sí,2500,Consulta médica,Bus,Cultural Andes,Bajo,Sí,Sí
30,Tailandia,Tailandés,Medio,7,Fotografía,No,No,Sí,Sí,Sí,Sí,Sí,Moray,Puca Pucara,Medio,Sí,3000,Hidratación permanente,Bus + Caminata,Moray Adventure,Medio,No,No
35,Estados Unidos,Inglés,Alto,10,Naturaleza,No,No,No,Sí,Sí,Sí,Sí,Moray,Salkantay Trek,Medio,Sí,3400,Ropa térmica,Van,Extreme Andes,Medio,No,No
24,Perú,Español,Económico,5,Cultural,No,No,No,Sí,Sí,No,Sí,Moray,Plaza de Armas del Cusco,Bajo,Sí,2600,Descanso moderado,Bus,Ruta Cusco,Bajo,Sí,Sí
39,Canadá,Inglés,Alto,10,Fotografía,No,No,Sí,Sí,Sí,Sí,Sí,Moray,Laguna Piuray,Medio,Sí,3300,Aclimatación previa,Van,Moray Nature,Medio,No,No
27,España,Español,Medio,6,Cultural,No,No,No,Sí,Sí,Sí,Sí,Moray,Ollantaytambo,Bajo,Sí,2900,Consumir mate de coca,Bus,Aventura Cultural,Bajo,Sí,Sí
42,Brasil,Portugués,Alto,9,Naturaleza,No,No,No,Sí,Sí,Sí,Sí,Moray,Camino Inca,Medio,Sí,3300,Hidratación continua,Van,Moray Premium,Medio,No,No
24,Perú,Español,Medio,5,Cultural,No,No,No,Sí,Sí,Sí,Sí,Pisac,Valle Sagrado,Medio,Sí,2900,Descansar correctamente,Bus,Pisac Full Day,Medio,Sí,Sí
31,Estados Unidos,Inglés,Alto,7,Cultural,No,No,Sí,Sí,Sí,Sí,Sí,Pisac,Machu Picchu,Medio,Sí,3000,Control de presión,Bus + Tren,Cultural Pisac Tour,Medio,Sí,No
28,Argentina,Español,Económico,4,Relajación,No,No,No,Sí,Sí,No,Sí,Pisac,Sacsayhuamán,Bajo,No,2800,Hidratación y descanso,Bus,City Tour Pisac,Bajo,Sí,Sí
45,Canadá,Inglés,Alto,8,Cultural,Sí,No,No,Sí,Sí,Sí,Sí,Pisac,Ollantaytambo,Medio,Sí,2900,Preparación física,Bus,Sacred Valley Experience,Medio,Sí,No
22,Brasil,Portugués,Medio,5,Relajación,No,No,No,Sí,Sí,No,Sí,Pisac,Maras,Bajo,No,2700,Consumir líquidos,Bus,Pisac Cultural,Bajo,Sí,Sí
36,Alemania,Alemán,Alto,9,Cultural,No,No,No,Sí,Sí,Sí,Sí,Pisac,Moray,Medio,Sí,3000,Aclimatación previa,Bus + Caminata,Andes Heritage Tour,Medio,Sí,No
27,Francia,Francés,Medio,6,Cultural,No,No,Sí,Sí,Sí,Sí,Sí,Pisac,Chinchero,Medio,Sí,2900,Hidratación adecuada,Bus,Pisac Explorer,Medio,Sí,Sí
33,Chile,Español,Medio,5,Cultural,No,No,No,Sí,Sí,Sí,Sí,Pisac,Qorikancha,Bajo,No,2800,Ropa adecuada,Bus,Cultural Cusco Tour,Bajo,Sí,Sí
29,Japón,Japonés,Alto,8,Fotografía,No,No,No,Sí,Sí,Sí,Sí,Pisac,Machu Picchu,Medio,Sí,3000,Aclimatación previa,Bus + Tren,Premium Pisac Tour,Medio,Sí,No
41,Italia,Italiano,Alto,10,Naturaleza,No,No,Sí,Sí,Sí,Sí,Sí,Pisac,Laguna Humantay,Medio,Sí,3100,Hidratación constante,Bus,Valle Sagrado Deluxe,Medio,Sí,No
23,México,Español,Económico,4,Cultural,No,No,No,Sí,Sí,No,Sí,Pisac,Centro Histórico,Bajo,No,2700,Consumir mate de coca,Bus,Backpacker Pisac,Bajo,Sí,Sí
38,Reino Unido,Inglés,Alto,9,Aventura,No,No,No,Sí,Sí,Sí,Sí,Pisac,Salkantay Trek,Medio,Sí,3000,Aclimatación obligatoria,Bus + Caminata,Andean Journey,Medio,Sí,No
26,España,Español,Medio,5,Cultural,No,No,Sí,Sí,Sí,Sí,Sí,Pisac,Puca Pucara,Bajo,No,2800,Hidratación permanente,Bus,Ruta Cultural Pisac,Bajo,Sí,Sí
34,China,Chino,Alto,8,Fotografía,No,No,No,Sí,Sí,Sí,Sí,Pisac,Maras,Medio,Sí,3000,Descansar previamente,Bus,Sacred Valley Tour,Medio,Sí,No
30,Corea del Sur,Coreano,Alto,7,Cultural,No,No,Sí,Sí,Sí,Sí,Sí,Pisac,Ollantaytambo,Medio,Sí,2900,Usar bloqueador solar,Bus,Pisac Andes Tour,Medio,Sí,No
25,Colombia,Español,Económico,4,Relajación,No,No,No,Sí,Sí,No,Sí,Pisac,San Blas,Bajo,No,2700,Aclimatación en Cusco,Bus,Cultural Experience,Bajo,Sí,Sí
44,Suiza,Alemán,Alto,10,Cultural,No,No,No,Sí,Sí,Sí,Sí,Pisac,Camino Inca,Medio,Sí,3100,Consumir líquidos,Bus + Caminata,Pisac Elite Tour,Medio,Sí,No
27,Ecuador,Español,Medio,5,Cultural,No,No,Sí,Sí,Sí,Sí,Sí,Pisac,Tipón,Bajo,No,2800,Preparación física,Bus,Cusco Heritage,Bajo,Sí,Sí
39,Países Bajos,Inglés,Alto,9,Fotografía,No,No,No,Sí,Sí,Sí,Sí,Pisac,Nevado Salkantay,Medio,Sí,3000,Descansar correctamente,Bus,Andes Nature Tour,Medio,Sí,No
24,Perú,Español,Económico,4,Cultural,No,No,No,Sí,Sí,No,Sí,Pisac,Plaza de Armas,Bajo,No,2700,Llevar snacks energéticos,Bus,Pisac Backpacker,Bajo,Sí,Sí
42,Bélgica,Francés,Alto,8,Cultural,Sí,No,No,Sí,Sí,Sí,Sí,Pisac,Qenqo,Medio,Sí,2900,Hidratación constante,Bus,Cultural Andes Tour,Medio,Sí,No
30,Turquía,Turco,Medio,6,Aventura,No,No,Sí,Sí,Sí,Sí,Sí,Pisac,Pisac Ruinas,Medio,Sí,3000,Ropa térmica,Bus + Caminata,Pisac Hiking,Medio,Sí,No
35,India,Inglés,Alto,8,Naturaleza,No,No,No,Sí,Sí,Sí,Sí,Pisac,Maras,Medio,Sí,3000,Consumir mate de coca,Bus,Andean Trek Tour,Medio,Sí,No
21,Bolivia,Español,Económico,4,Cultural,No,No,No,Sí,Sí,No,Sí,Pisac,Catedral Cusco,Bajo,No,2600,Aclimatación previa,Bus,Cusco Backpacker,Bajo,Sí,Sí
46,Noruega,Inglés,Alto,11,Fotografía,No,No,Sí,Sí,Sí,Sí,Sí,Pisac,Montaña 7 Colores,Medio,Sí,3100,Hidratación adecuada,Bus,Adventure Premium,Medio,Sí,No
28,Portugal,Portugués,Medio,5,Cultural,No,No,No,Sí,Sí,Sí,Sí,Pisac,Valle Sagrado,Bajo,No,2800,Consumir agua,Bus,Ruta Cusco,Bajo,Sí,Sí
32,Israel,Hebreo,Alto,8,Fotografía,No,No,No,Sí,Sí,Sí,Sí,Pisac,Laguna Piuray,Medio,Sí,3000,Preparación física,Bus,Pisac Andes Tour,Medio,Sí,No
24,Perú,Español,Económico,4,Cultural,No,No,Sí,Sí,Sí,No,Sí,Pisac,San Blas,Bajo,No,2700,Evitar comidas pesadas,Bus,Cultural Trek,Bajo,Sí,Sí
41,Irlanda,Inglés,Alto,9,Aventura,No,No,No,Sí,Sí,Sí,Sí,Pisac,Salkantay Trek,Medio,Sí,3000,Hidratación y descanso,Bus + Caminata,Pisac Full Adventure,Medio,Sí,No
26,Sudáfrica,Inglés,Medio,6,Cultural,No,No,No,Sí,Sí,Sí,Sí,Pisac,Ollantaytambo,Medio,Sí,2900,Descansar bien,Bus + Caminata,Aventura Cusco,Medio,Sí,No
34,Filipinas,Inglés,Medio,5,Cultural,No,No,Sí,Sí,Sí,Sí,Sí,Pisac,Moray,Bajo,No,2800,Aclimatación obligatoria,Bus,Ruta Andina,Bajo,Sí,Sí
29,Marruecos,Árabe,Económico,4,Cultural,No,No,No,Sí,Sí,No,Sí,Pisac,Catedral Cusco,Bajo,No,2600,Evitar alcohol,Bus,Cultural Cusco,Bajo,Sí,Sí
43,Suecia,Inglés,Alto,10,Naturaleza,No,No,No,Sí,Sí,Sí,Sí,Pisac,Nevado Salkantay,Medio,Sí,3100,Descanso previo,Bus,Pisac Extreme,Medio,Sí,No
27,Indonesia,Indonesio,Medio,6,Aventura,No,No,Sí,Sí,Sí,Sí,Sí,Pisac,Tambomachay,Medio,Sí,2900,Hidratación básica,Bus + Caminata,Aventura Andes,Medio,Sí,No
38,Dinamarca,Inglés,Alto,9,Fotografía,No,No,No,Sí,Sí,Sí,Sí,Pisac,Camino Inca,Medio,Sí,3000,Consumir agua constantemente,Bus,Pisac Explorer,Medio,Sí,No
23,Uruguay,Español,Económico,4,Relajación,No,No,No,Sí,Sí,No,Sí,Pisac,Sacsayhuamán,Bajo,No,2600,Usar protector solar,Bus,Cusco Aventura,Bajo,Sí,Sí
45,Austria,Alemán,Alto,10,Cultural,Sí,No,Sí,Sí,Sí,Sí,Sí,Pisac,Qorikancha,Medio,Sí,2800,Medicamentos básicos,Bus,Tour Cultural,Medio,Sí,No
31,Costa Rica,Español,Medio,6,Cultural,No,No,No,Sí,Sí,Sí,Sí,Pisac,Pisac Ruinas,Medio,Sí,2900,Descanso moderado,Bus + Caminata,Ruta Trekking,Medio,Sí,No
25,Nueva Zelanda,Inglés,Alto,8,Fotografía,No,No,No,Sí,Sí,Sí,Sí,Pisac,Laguna Humantay,Medio,Sí,3000,Aclimatación y descanso,Bus,Andean Adventure,Medio,Sí,No
36,Paraguay,Español,Económico,5,Cultural,No,No,Sí,Sí,Sí,No,Sí,Pisac,Centro Histórico,Bajo,No,2700,Hidratación continua,Bus,Cultural Explorer,Bajo,Sí,Sí
40,Rusia,Ruso,Alto,9,Aventura,No,No,No,Sí,Sí,Sí,Sí,Pisac,Montaña 7 Colores,Medio,Sí,3100,Preparación física,Bus,Pisac Trek,Medio,Sí,No
28,Perú,Español,Medio,5,Cultural,No,No,No,Sí,Sí,Sí,Sí,Pisac,Valle Sagrado,Bajo,No,2800,Consumir líquidos,Bus,Ruta Imperial,Bajo,Sí,Sí
33,Finlandia,Inglés,Alto,8,Fotografía,No,No,Sí,Sí,Sí,Sí,Sí,Pisac,Maras,Medio,Sí,3000,Consulta médica,Bus,Andes Full Tour,Medio,Sí,No
22,Venezuela,Español,Económico,4,Cultural,No,No,No,Sí,Sí,No,Sí,Pisac,San Pedro,Bajo,No,2600,Hidratación permanente,Bus,Backpacker Cusco,Bajo,Sí,Sí
47,Hungría,Húngaro,Alto,11,Cultural,Sí,No,No,Sí,Sí,Sí,Sí,Pisac,Qenqo,Medio,Sí,2900,Ropa térmica,Bus,Cultural Andes,Medio,Sí,No
30,Tailandia,Tailandés,Medio,6,Aventura,No,No,Sí,Sí,Sí,Sí,Sí,Pisac,Puca Pucara,Medio,Sí,2900,Aclimatación previa,Bus + Caminata,Pisac Adventure,Medio,Sí,No
35,Estados Unidos,Inglés,Alto,9,Fotografía,No,No,No,Sí,Sí,Sí,Sí,Pisac,Salkantay Trek,Medio,Sí,3100,Consumir mate de coca,Bus,Extreme Andes,Medio,Sí,No
24,Perú,Español,Económico,4,Cultural,No,No,No,Sí,Sí,No,Sí,Pisac,Plaza de Armas,Bajo,No,2600,Hidratación continua,Bus,Ruta Cusco,Bajo,Sí,Sí
39,Canadá,Inglés,Alto,8,Naturaleza,No,No,Sí,Sí,Sí,Sí,Sí,Pisac,Laguna Piuray,Medio,Sí,3000,Descanso correcto,Bus,Pisac Nature,Medio,Sí,No
27,España,Español,Medio,5,Cultural,No,No,No,Sí,Sí,Sí,Sí,Pisac,Ollantaytambo,Bajo,No,2800,Control médico,Bus,Aventura Cultural,Bajo,Sí,Sí
42,Brasil,Portugués,Alto,8,Cultural,No,No,No,Sí,Sí,Sí,Sí,Pisac,Camino Inca,Medio,Sí,3000,Hidratación y descanso,Bus,Pisac Premium,Medio,Sí,No
29,Australia,Inglés,Alto,7,Fotografía,No,No,No,Sí,Sí,Sí,Sí,Pisac,Moray,Medio,Sí,3000,Preparación física,Bus,Andes Explorer,Medio,Sí,No
26,Perú,Español,Medio,5,Cultural,No,No,Sí,Sí,Sí,Sí,Sí,Pisac,Chinchero,Bajo,No,2800,Consumir líquidos,Bus,Cultural Valle Tour,Bajo,Sí,Sí
37,Alemania,Alemán,Alto,9,Naturaleza,No,No,No,Sí,Sí,Sí,Sí,Pisac,Nevado Salkantay,Medio,Sí,3100,Aclimatación previa,Bus,Andean Premium,Medio,Sí,No
29,Australia,Inglés,Alto,10,Aventura,No,No,No,Sí,Sí,Sí,Sí,Choquequirao,Machu Picchu,Alto,Sí,3200,Hidratación adecuada,Bus + Caminata,Choquequirao 4D3N,Alto,No,No
34,Perú,Español,Medio,8,Trekking,No,No,No,Sí,Sí,Sí,Sí,Choquequirao,Salkantay Trek,Alto,Sí,3400,Ropa adecuada,Bus + Trekking,Choquequirao Full Trek,Alto,No,No
27,Estados Unidos,Inglés,Alto,9,Aventura,No,No,Sí,Sí,Sí,No,Sí,Choquequirao,Camino Inca,Alto,Sí,3000,Llevar medicamentos,Avión + Bus,Aventura Choquequirao,Alto,No,No
41,Canadá,Inglés,Alto,11,Naturaleza,No,No,No,Sí,Sí,Sí,Sí,Choquequirao,Laguna Humantay,Alto,Sí,3300,Usar ropa ligera,Trekking,Trekking Choquequirao,Alto,No,No
24,Argentina,Español,Económico,7,Aventura,No,No,No,Sí,Sí,No,Sí,Choquequirao,Valle Sagrado,Medio,Sí,2800,Hidratación adecuada,Bus + Caminata,Ruta Andina,Medio,No,No
38,Alemania,Alemán,Alto,12,Trekking,No,No,No,Sí,Sí,Sí,Sí,Choquequirao,Nevado Salkantay,Alto,Sí,3400,Control médico,Trekking,Aventura Andes,Alto,No,No
30,Francia,Francés,Medio,8,Fotografía,No,No,Sí,Sí,Sí,Sí,Sí,Choquequirao,Moray,Alto,Sí,3100,Llevar snacks energéticos,Bus + Trek,Choquequirao Explorer,Alto,No,No
22,Brasil,Portugués,Medio,6,Aventura,No,No,No,Sí,Sí,No,Sí,Choquequirao,Pisac,Medio,Sí,2900,Descanso moderado,Bus,Cusco Trekking,Medio,No,No
45,Chile,Español,Alto,10,Cultural,Sí,No,No,Sí,Sí,Sí,Sí,Choquequirao,Qorikancha,Medio,Sí,2500,Consultar médico,Bus,Cultural Trek,Medio,No,No
28,Japón,Japonés,Alto,9,Fotografía,No,No,Sí,Sí,Sí,Sí,Sí,Choquequirao,Machu Picchu,Alto,Sí,3300,Llevar snacks energéticos,Trekking,Choquequirao Premium,Alto,No,No
36,Italia,Italiano,Medio,7,Aventura,No,No,No,Sí,Sí,Sí,Sí,Choquequirao,Maras,Alto,Sí,3000,Usar bloqueador solar,Bus + Trek,Ruta Inca,Alto,No,No
31,México,Español,Medio,8,Cultural,No,No,No,Sí,Sí,No,Sí,Choquequirao,Sacsayhuamán,Medio,Sí,2800,Hidratación constante,Bus,Aventura Cusco,Medio,No,No
40,Reino Unido,Inglés,Alto,13,Trekking,No,No,Sí,Sí,Sí,Sí,Sí,Choquequirao,Salkantay Trek,Alto,Sí,3400,Aclimatación recomendada,Trekking,Andes Experience,Alto,No,No
26,España,Español,Medio,6,Cultural,No,No,No,Sí,Sí,Sí,Sí,Choquequirao,Pikillacta,Medio,Sí,2700,Consumir agua frecuentemente,Bus,Cusco Nature,Medio,No,No
33,China,Chino,Alto,10,Fotografía,No,No,No,Sí,Sí,Sí,Sí,Choquequirao,Laguna Humantay,Alto,Sí,3200,Llevar ropa térmica,Trekking,Choquequirao Andes,Alto,No,No
37,Corea del Sur,Coreano,Alto,9,Aventura,No,No,Sí,Sí,Sí,Sí,Sí,Choquequirao,Moray,Alto,Sí,3100,Hidratación permanente,Bus + Caminata,Aventura Extrema,Alto,No,No
23,Colombia,Español,Económico,5,Cultural,No,No,No,Sí,Sí,No,Sí,Choquequirao,Centro Histórico,Medio,Sí,2600,Descansar adecuadamente,Bus,Ruta Cultural,Medio,No,No
44,Suiza,Alemán,Alto,12,Trekking,No,No,No,Sí,Sí,Sí,Sí,Choquequirao,Camino Inca,Alto,Sí,3400,Aclimatación previa,Trekking,Choquequirao Elite,Alto,No,No
27,Ecuador,Español,Medio,7,Aventura,No,No,Sí,Sí,Sí,Sí,Sí,Choquequirao,Tipón,Medio,Sí,2900,Evitar comidas pesadas,Bus,Cusco Adventure,Medio,No,No
39,Países Bajos,Inglés,Alto,11,Naturaleza,No,No,No,Sí,Sí,Sí,Sí,Choquequirao,Nevado Salkantay,Alto,Sí,3300,Hidratación y descanso,Trekking,Choquequirao Nature,Alto,No,No
25,Perú,Español,Económico,6,Cultural,No,No,No,Sí,Sí,No,Sí,Choquequirao,Puca Pucara,Medio,Sí,2700,Consumir mate de coca,Bus,Cusco Explorer,Medio,No,No
42,Bélgica,Francés,Alto,10,Cultural,Sí,No,No,Sí,Sí,Sí,Sí,Choquequirao,Qenqo,Medio,Sí,2500,Control médico,Bus,Cultural Andes,Medio,No,No
30,Turquía,Turco,Medio,8,Trekking,No,No,Sí,Sí,Sí,Sí,Sí,Choquequirao,Pisac,Alto,Sí,3000,Llevar medicamentos,Bus + Trek,Choquequirao Hiking,Alto,No,No
35,India,Inglés,Alto,9,Aventura,No,No,No,Sí,Sí,Sí,Sí,Choquequirao,Maras,Alto,Sí,3200,Usar ropa ligera,Trekking,Andean Trek,Alto,No,No
21,Bolivia,Español,Económico,5,Cultural,No,No,No,Sí,Sí,No,Sí,Choquequirao,Plaza de Armas,Medio,Sí,2600,Hidratación adecuada,Bus,Cusco Backpacker,Medio,No,No
46,Noruega,Inglés,Alto,12,Fotografía,No,No,Sí,Sí,Sí,Sí,Sí,Choquequirao,Montaña 7 Colores,Alto,Sí,3400,Aclimatación obligatoria,Trekking,Aventura Premium,Alto,No,No
28,Portugal,Portugués,Medio,7,Cultural,No,No,No,Sí,Sí,Sí,Sí,Choquequirao,Valle Sagrado,Medio,Sí,2800,Evitar alcohol,Bus,Ruta Cusco,Medio,No,No
32,Israel,Hebreo,Alto,10,Naturaleza,No,No,No,Sí,Sí,Sí,Sí,Choquequirao,Laguna Piuray,Alto,Sí,3200,Descanso previo,Trekking,Choquequirao Andes,Alto,No,No
24,Perú,Español,Económico,6,Cultural,No,No,Sí,Sí,Sí,No,Sí,Choquequirao,San Blas,Medio,Sí,2700,Consumir líquidos,Bus,Cultural Trek,Medio,No,No
41,Irlanda,Inglés,Alto,11,Trekking,No,No,No,Sí,Sí,Sí,Sí,Choquequirao,Salkantay Trek,Alto,Sí,3300,Hidratación constante,Trekking,Choquequirao Full Adventure,Alto,No,No
26,Sudáfrica,Inglés,Medio,8,Aventura,No,No,No,Sí,Sí,Sí,Sí,Choquequirao,Ollantaytambo,Alto,Sí,3000,Usar bloqueador,Bus + Trek,Aventura Cusco,Alto,No,No
34,Filipinas,Inglés,Medio,7,Trekking,No,No,Sí,Sí,Sí,Sí,Sí,Choquequirao,Moray,Medio,Sí,2900,Medicamentos básicos,Bus,Ruta Andina,Medio,No,No
29,Marruecos,Árabe,Económico,5,Cultural,No,No,No,Sí,Sí,No,Sí,Choquequirao,Catedral Cusco,Medio,Sí,2600,Descanso adecuado,Bus,Cultural Cusco,Medio,No,No
43,Suecia,Inglés,Alto,13,Naturaleza,No,No,No,Sí,Sí,Sí,Sí,Choquequirao,Nevado Salkantay,Alto,Sí,3400,Aclimatación y descanso,Trekking,Choquequirao Extreme,Alto,No,No
27,Indonesia,Indonesio,Medio,9,Aventura,No,No,Sí,Sí,Sí,Sí,Sí,Choquequirao,Tambomachay,Alto,Sí,3100,Hidratación continua,Bus + Trek,Aventura Andes,Alto,No,No
38,Dinamarca,Inglés,Alto,10,Trekking,No,No,No,Sí,Sí,Sí,Sí,Choquequirao,Camino Inca,Alto,Sí,3300,Preparación física,Trekking,Choquequirao Explorer,Alto,No,No
23,Uruguay,Español,Económico,4,Cultural,No,No,No,Sí,Sí,No,Sí,Choquequirao,Sacsayhuamán,Medio,Sí,2500,Consumir agua,Bus,Cusco Aventura,Medio,No,No
45,Austria,Alemán,Alto,12,Cultural,Sí,No,Sí,Sí,Sí,Sí,Sí,Choquequirao,Qorikancha,Medio,Sí,2400,Consulta médica,Bus,Tour Cultural,Medio,No,No
31,Costa Rica,Español,Medio,8,Aventura,No,No,No,Sí,Sí,Sí,Sí,Choquequirao,Pisac,Alto,Sí,3000,Hidratación permanente,Bus + Caminata,Ruta Trekking,Alto,No,No
25,Nueva Zelanda,Inglés,Alto,9,Naturaleza,No,No,No,Sí,Sí,Sí,Sí,Choquequirao,Laguna Humantay,Alto,Sí,3200,Ropa térmica,Trekking,Andean Adventure,Alto,No,No
36,Paraguay,Español,Económico,6,Cultural,No,No,Sí,Sí,Sí,No,Sí,Choquequirao,Centro Histórico,Medio,Sí,2700,Descanso moderado,Bus,Cultural Explorer,Medio,No,No
40,Rusia,Ruso,Alto,11,Trekking,No,No,No,Sí,Sí,Sí,Sí,Choquequirao,Montaña 7 Colores,Alto,Sí,3400,Aclimatación previa,Trekking,Choquequirao Trek,Alto,No,No
28,Perú,Español,Medio,7,Cultural,No,No,No,Sí,Sí,Sí,Sí,Choquequirao,Valle Sagrado,Medio,Sí,2800,Consumir mate de coca,Bus,Ruta Imperial,Medio,No,No
33,Finlandia,Inglés,Alto,10,Fotografía,No,No,Sí,Sí,Sí,Sí,Sí,Choquequirao,Maras,Alto,Sí,3200,Hidratación continua,Trekking,Andes Full Trek,Alto,No,No
22,Venezuela,Español,Económico,5,Cultural,No,No,No,Sí,Sí,No,Sí,Choquequirao,San Pedro,Medio,Sí,2600,Descansar correctamente,Bus,Backpacker Cusco,Medio,No,No
47,Hungría,Húngaro,Alto,13,Cultural,Sí,No,No,Sí,Sí,Sí,Sí,Choquequirao,Qenqo,Medio,Sí,2500,Control de presión,Bus,Cultural Andes,Medio,No,No
30,Tailandia,Tailandés,Medio,8,Aventura,No,No,Sí,Sí,Sí,Sí,Sí,Choquequirao,Puca Pucara,Alto,Sí,3000,Hidratación y descanso,Bus + Trek,Choquequirao Adventure,Alto,No,No
35,Estados Unidos,Inglés,Alto,12,Trekking,No,No,No,Sí,Sí,Sí,Sí,Choquequirao,Salkantay Trek,Alto,Sí,3400,Preparación física,Trekking,Extreme Andes,Alto,No,No
24,Perú,Español,Económico,6,Cultural,No,No,No,Sí,Sí,No,Sí,Choquequirao,Plaza de Armas,Medio,Sí,2600,Consumir líquidos,Bus,Ruta Cusco,Medio,No,No
39,Canadá,Inglés,Alto,11,Naturaleza,No,No,Sí,Sí,Sí,Sí,Sí,Choquequirao,Laguna Piuray,Alto,Sí,3300,Aclimatación previa,Trekking,Choquequirao Nature,Alto,No,No
27,España,Español,Medio,7,Cultural,No,No,No,Sí,Sí,Sí,Sí,Choquequirao,Ollantaytambo,Medio,Sí,2900,Hidratación adecuada,Bus,Aventura Cultural,Medio,No,No
42,Brasil,Portugués,Alto,10,Aventura,No,No,No,Sí,Sí,Sí,Sí,Choquequirao,Camino Inca,Alto,Sí,3300,Ropa adecuada,Trekking,Choquequirao Premium,Alto,No,No
29,Australia,Inglés,Alto,8,Mochilero,No,No,No,Sí,Sí,Sí,Sí,Tipón,Valle Sagrado,Medio,Sí,3100,Hidratación constante,Bus,Tipón Cultural,Medio,Sí,Sí
34,Perú,Español,Medio,5,Relajación,No,No,No,Sí,Sí,Sí,No,Tipón,Qorikancha,Bajo,No,2900,Descansar adecuadamente,Bus,City Tour Cusco,Bajo,Sí,Sí
27,Estados Unidos,Inglés,Alto,7,Fotografía,No,No,Sí,Sí,Sí,Sí,Sí,Tipón,Pisac,Medio,Sí,3000,Llevar medicamentos,Bus + Caminata,Ruta Arqueológica,Medio,Sí,Sí
41,Canadá,Inglés,Alto,9,Cultural,No,No,No,Sí,Sí,Sí,Sí,Tipón,Ollantaytambo,Medio,Sí,3200,Aclimatación previa,Bus,Tour Valle Sur,Medio,Sí,No
24,Argentina,Español,Económico,4,Relajación,No,No,No,Sí,Sí,No,Sí,Tipón,Sacsayhuamán,Bajo,No,2800,Consumir agua,Bus,Cusco Tradicional,Bajo,Sí,Sí
38,Alemania,Alemán,Alto,10,Aventura,No,No,No,Sí,Sí,Sí,Sí,Tipón,Moray,Medio,Sí,3200,Usar bloqueador solar,Bus + Tren,Circuito Inca,Medio,Sí,No
30,Francia,Francés,Medio,6,Fotografía,No,No,Sí,Sí,Sí,Sí,Sí,Tipón,Maras,Medio,Sí,3000,Hidratación frecuente,Bus,Tour Cultural,Medio,Sí,Sí
22,Brasil,Portugués,Medio,5,Cultural,No,No,No,Sí,Sí,No,Sí,Tipón,Barrio San Blas,Bajo,No,2800,Descanso moderado,Bus,City Tour,Bajo,Sí,Sí
45,Chile,Español,Alto,8,Gastronómico,Sí,No,No,Sí,Sí,Sí,Sí,Tipón,Catedral Cusco,Bajo,No,2600,Consultar médico,Bus,Tour Religioso,Bajo,Sí,Sí
28,Japón,Japonés,Alto,7,Relajación,No,No,Sí,Sí,Sí,Sí,Sí,Tipón,Machu Picchu,Medio,Sí,3100,Llevar snacks,Bus + Tren,Cusco Imperial,Medio,Sí,No
36,Italia,Italiano,Medio,6,Mochilero,No,No,No,Sí,Sí,Sí,Sí,Tipón,Puca Pucara,Medio,Sí,3000,Usar sombrero,Bus,Ruta Andina,Medio,Sí,Sí
31,México,Español,Medio,5,Fotografía,No,No,No,Sí,Sí,No,Sí,Tipón,Qenqo,Bajo,No,2800,Hidratación constante,Bus,Tour Cusco,Bajo,Sí,Sí
40,Reino Unido,Inglés,Alto,9,Cultural,No,No,Sí,Sí,Sí,Sí,Sí,Tipón,Camino Inca,Medio,Sí,3200,Aclimatación recomendada,Bus + Trek,Ruta Patrimonial,Medio,Sí,No
26,España,Español,Medio,5,Aventura,No,No,No,Sí,Sí,Sí,Sí,Tipón,Plaza de Armas,Bajo,No,2800,Consumir líquidos,Bus,City Experience,Bajo,Sí,Sí
33,China,Chino,Alto,8,Cultural,No,No,No,Sí,Sí,Sí,Sí,Tipón,Laguna Humantay,Medio,Sí,3100,Ropa cómoda,Bus + Caminata,Tour Andes,Medio,Sí,No
37,Corea del Sur,Coreano,Alto,7,Relajación,No,No,Sí,Sí,Sí,Sí,Sí,Tipón,Moray,Medio,Sí,3000,Hidratación permanente,Bus,Tipón Explorer,Medio,Sí,Sí
23,Colombia,Español,Económico,4,Mochilero,No,No,No,Sí,Sí,No,Sí,Tipón,Mercado San Pedro,Bajo,No,2700,Descanso adecuado,Bus,Cusco Económico,Bajo,Sí,Sí
44,Suiza,Alemán,Alto,10,Fotografía,No,No,No,Sí,Sí,Sí,Sí,Tipón,Choquequirao,Medio,Sí,3200,Aclimatación previa,Bus + Trek,Andes Discovery,Medio,Sí,No
27,Ecuador,Español,Medio,5,Cultural,No,No,Sí,Sí,Sí,Sí,Sí,Tipón,Tambomachay,Bajo,Sí,2900,Evitar comidas pesadas,Bus,Circuito Cusco,Bajo,Sí,Sí
39,Países Bajos,Inglés,Alto,8,Relajación,No,No,No,Sí,Sí,Sí,Sí,Tipón,Nevado Salkantay,Medio,Sí,3200,Hidratación y descanso,Bus,Aventura Cultural,Medio,Sí,No
25,Perú,Español,Económico,4,Aventura,No,No,No,Sí,Sí,No,Sí,Tipón,San Blas,Bajo,No,2700,Consumir mate de coca,Bus,Tour Tradicional,Bajo,Sí,Sí
42,Bélgica,Francés,Alto,9,Histórico,Sí,No,No,Sí,Sí,Sí,Sí,Tipón,Qorikancha,Bajo,No,2600,Control médico,Bus,Cusco Histórico,Bajo,Sí,Sí
30,Turquía,Turco,Medio,6,Mochilero,No,No,Sí,Sí,Sí,Sí,Sí,Tipón,Pisac,Medio,Sí,3000,Llevar medicamentos,Bus + Caminata,Andes Tour,Medio,Sí,Sí
35,India,Inglés,Alto,8,Relajación,No,No,No,Sí,Sí,Sí,Sí,Tipón,Maras,Medio,Sí,3100,Usar ropa ligera,Bus,Ruta Inca,Medio,Sí,No
21,Bolivia,Español,Económico,3,Fotografía,No,No,No,Sí,Sí,No,Sí,Tipón,Centro Histórico,Bajo,No,2600,Hidratación adecuada,Bus,City Tour,Bajo,Sí,Sí
46,Noruega,Inglés,Alto,10,Cultural,No,No,Sí,Sí,Sí,Sí,Sí,Tipón,Montaña 7 Colores,Medio,Sí,3200,Aclimatación obligatoria,Bus + Trek,Tour Premium,Medio,Sí,No
28,Portugal,Portugués,Medio,5,Relajación,No,No,No,Sí,Sí,Sí,Sí,Tipón,Valle Sagrado,Bajo,Sí,2900,Evitar alcohol,Bus,Ruta Cusco,Bajo,Sí,Sí
32,Israel,Hebreo,Alto,7,Aventura,No,No,No,Sí,Sí,Sí,Sí,Tipón,Laguna Piuray,Medio,Sí,3100,Descanso previo,Bus,Andes Heritage,Medio,Sí,No
24,Perú,Español,Económico,4,Cultural,No,No,Sí,Sí,Sí,No,Sí,Tipón,Sacsayhuamán,Bajo,No,2700,Consumir líquidos,Bus,Cusco Clásico,Bajo,Sí,Sí
41,Irlanda,Inglés,Alto,8,Aventura,No,No,No,Sí,Sí,Sí,Sí,Tipón,Salkantay Trek,Medio,Sí,3200,Hidratación constante,Bus + Trek,Full Cusco,Medio,Sí,No
26,Sudáfrica,Inglés,Medio,6,Mochilero,No,No,No,Sí,Sí,Sí,Sí,Tipón,Ollantaytambo,Medio,Sí,3000,Usar bloqueador,Bus + Tren,Cultural Andes,Medio,Sí,Sí
24,Estados Unidos,Inglés,Alto,7,Relajación,No,No,No,Sí,Sí,Sí,Sí,Huayna Picchu,Machu Picchu,Alto,Sí,3400,Aclimatación previa,Tren + Caminata,Huayna Picchu Full Day,Alto,No,No
31,Perú,Español,Medio,5,Fotografía,No,No,No,Sí,Sí,Sí,Sí,Huayna Picchu,Ollantaytambo,Medio,Sí,3200,Hidratación constante,Bus + Tren,Aventura Cusco,Medio,Sí,No
27,Canadá,Inglés,Alto,8,Cultural,No,No,Sí,Sí,Sí,Sí,Sí,Huayna Picchu,Camino Inca,Alto,Sí,3400,Llevar medicamentos,Tren + Trek,Hiking Experience,Alto,No,No
35,Australia,Inglés,Alto,9,Relajación,No,No,No,Sí,Sí,Sí,Sí,Huayna Picchu,Salkantay Trek,Alto,Sí,3500,Preparación física,Trekking,Adventure Peru,Alto,No,No
22,Argentina,Español,Económico,4,Aventura,No,No,No,Sí,Sí,No,Sí,Huayna Picchu,Pisac,Medio,Sí,3000,Consumir agua,Bus + Tren,Cusco Backpacker,Medio,No,Sí
38,Alemania,Alemán,Alto,10,Fotografía,No,No,No,Sí,Sí,Sí,Sí,Huayna Picchu,Choquequirao,Alto,Sí,3600,Aclimatación obligatoria,Trekking,Extreme Andes,Alto,No,No
29,Francia,Francés,Medio,6,Cultural,No,No,Sí,Sí,Sí,Sí,Sí,Huayna Picchu,Moray,Medio,Sí,3200,Hidratación frecuente,Bus + Tren,Inca Discovery,Medio,Sí,No
26,Brasil,Portugués,Medio,5,Gastronómico,No,No,No,Sí,Sí,Sí,Sí,Huayna Picchu,Maras,Medio,Sí,3100,Descansar correctamente,Tren,Ruta Imperial,Medio,Sí,Sí
41,Chile,Español,Alto,8,Relajación,Sí,No,No,Sí,Sí,Sí,Sí,Huayna Picchu,Qorikancha,Medio,Sí,3000,Consultar médico,Bus + Tren,Cultural Adventure,Medio,Sí,No
23,Japón,Japonés,Alto,7,Mochilero,No,No,Sí,Sí,Sí,Sí,Sí,Huayna Picchu,Laguna Humantay,Alto,Sí,3400,Llevar snacks energéticos,Trekking,Andean Explorer,Alto,No,No
34,Italia,Italiano,Medio,6,Fotografía,No,No,No,Sí,Sí,Sí,Sí,Huayna Picchu,Puca Pucara,Medio,Sí,3100,Usar bloqueador solar,Bus + Tren,Cusco Nature,Medio,Sí,Sí
28,México,Español,Medio,5,Cultural,No,No,No,Sí,Sí,No,Sí,Huayna Picchu,Sacsayhuamán,Medio,Sí,3000,Hidratación adecuada,Bus,Inca Route,Medio,Sí,Sí
40,Reino Unido,Inglés,Alto,9,Aventura,No,No,Sí,Sí,Sí,Sí,Sí,Huayna Picchu,Nevado Salkantay,Alto,Sí,3500,Aclimatación previa,Trekking,Premium Trek,Alto,No,No
25,España,Español,Medio,5,Cultural,No,No,No,Sí,Sí,Sí,Sí,Huayna Picchu,Plaza de Armas,Medio,Sí,3000,Consumir líquidos,Bus + Tren,City & Trek,Medio,Sí,Sí
32,China,Chino,Alto,8,Relajación,No,No,No,Sí,Sí,Sí,Sí,Huayna Picchu,Valle Sagrado,Alto,Sí,3400,Ropa cómoda,Trekking,Andes Journey,Alto,No,No
37,Corea del Sur,Coreano,Alto,7,Mochilero,No,No,Sí,Sí,Sí,Sí,Sí,Huayna Picchu,Montaña 7 Colores,Alto,Sí,3500,Hidratación permanente,Trekking,Cusco Adventure,Alto,No,No
21,Colombia,Español,Económico,4,Fotografía,No,No,No,Sí,Sí,No,Sí,Huayna Picchu,Centro Histórico,Medio,Sí,2900,Descansar adecuadamente,Bus,Backpacker Peru,Medio,Sí,Sí
44,Suiza,Alemán,Alto,10,Cultural,No,No,No,Sí,Sí,Sí,Sí,Huayna Picchu,Camino Inca,Alto,Sí,3600,Aclimatación recomendada,Trekking,Elite Andes,Alto,No,No
27,Ecuador,Español,Medio,5,Relajación,No,No,Sí,Sí,Sí,Sí,Sí,Huayna Picchu,Tipón,Medio,Sí,3100,Evitar comidas pesadas,Bus + Tren,Cultural Peru,Medio,Sí,Sí
39,Países Bajos,Inglés,Alto,8,Aventura,No,No,No,Sí,Sí,Sí,Sí,Huayna Picchu,Abra Málaga,Alto,Sí,3400,Hidratación y descanso,Trekking,Inca Mountains,Alto,No,No
24,Perú,Español,Económico,4,Histórico,No,No,No,Sí,Sí,No,Sí,Huayna Picchu,San Blas,Medio,Sí,2900,Consumir mate de coca,Bus,Cusco Express,Medio,Sí,Sí
42,Bélgica,Francés,Alto,9,Mochilero,Sí,No,No,Sí,Sí,Sí,Sí,Huayna Picchu,Qenqo,Medio,Sí,3000,Control médico,Bus + Tren,Historical Cusco,Medio,Sí,No
30,Turquía,Turco,Medio,6,Relajación,No,No,Sí,Sí,Sí,Sí,Sí,Huayna Picchu,Pisac,Medio,Sí,3200,Llevar medicamentos,Bus,Andes Tour,Medio,Sí,Sí
35,India,Inglés,Alto,8,Fotografía,No,No,No,Sí,Sí,Sí,Sí,Huayna Picchu,Maras,Alto,Sí,3400,Usar ropa ligera,Trekking,Andean Spirit,Alto,No,No
22,Bolivia,Español,Económico,3,Cultural,No,No,No,Sí,Sí,No,Sí,Huayna Picchu,Mercado San Pedro,Bajo,No,2800,Hidratación adecuada,Bus,City Tour,Bajo,Sí,Sí
46,Noruega,Inglés,Alto,10,Relajación,No,No,Sí,Sí,Sí,Sí,Sí,Huayna Picchu,Salkantay Trek,Alto,Sí,3600,Aclimatación obligatoria,Trekking,Premium Hiking,Alto,No,No
28,Portugal,Portugués,Medio,5,Aventura,No,No,No,Sí,Sí,Sí,Sí,Huayna Picchu,Valle Rojo,Medio,Sí,3200,Evitar alcohol,Bus + Tren,Cusco Trek,Medio,Sí,Sí
32,Israel,Hebreo,Alto,7,Cultural,No,No,No,Sí,Sí,Sí,Sí,Huayna Picchu,Laguna Piuray,Alto,Sí,3400,Descanso previo,Trekking,Adventure Route,Alto,No,No
24,Perú,Español,Económico,4,Aventura,No,No,Sí,Sí,Sí,No,Sí,Huayna Picchu,Tambomachay,Medio,Sí,3000,Consumir líquidos,Bus,Cusco Classic,Medio,Sí,Sí
41,Irlanda,Inglés,Alto,8,Mochilero,No,No,No,Sí,Sí,Sí,Sí,Huayna Picchu,Nevado Salkantay,Alto,Sí,3500,Hidratación constante,Trekking,Peru Explorer,Alto,No,No
26,Sudáfrica,Inglés,Medio,6,Relajación,No,No,No,Sí,Sí,Sí,Sí,Huayna Picchu,Ollantaytambo,Medio,Sí,3200,Usar bloqueador,Bus + Tren,Cultural Andes,Medio,Sí,Sí
33,Filipinas,Inglés,Medio,5,Fotografía,No,No,Sí,Sí,Sí,Sí,Sí,Huayna Picchu,Moray,Medio,Sí,3100,Medicamentos básicos,Bus,Inca Heritage,Medio,Sí,Sí
29,Marruecos,Árabe,Económico,4,Cultural,No,No,No,Sí,Sí,No,Sí,Huayna Picchu,Catedral Cusco,Bajo,No,2800,Descanso adecuado,Bus,Cultural Visit,Bajo,Sí,Sí
43,Suecia,Inglés,Alto,10,Relajación,No,No,No,Sí,Sí,Sí,Sí,Huayna Picchu,Camino Inca,Alto,Sí,3600,Aclimatación y descanso,Trekking,Hiking Peru,Alto,No,No
27,Indonesia,Indonesio,Medio,6,Aventura,No,No,Sí,Sí,Sí,Sí,Sí,Huayna Picchu,Puca Pucara,Medio,Sí,3200,Hidratación continua,Bus + Caminata,Andes Discovery,Medio,Sí,Sí
38,Dinamarca,Inglés,Alto,9,Fotografía,No,No,No,Sí,Sí,Sí,Sí,Huayna Picchu,Choquequirao,Alto,Sí,3500,Preparación física,Trekking,Extreme Adventure,Alto,No,No
23,Uruguay,Español,Económico,4,Cultural,No,No,No,Sí,Sí,No,Sí,Huayna Picchu,Plaza de Armas,Medio,Sí,2900,Consumir agua,Bus,Cusco Budget,Medio,Sí,Sí
45,Austria,Alemán,Alto,10,Gastronómico,Sí,No,Sí,Sí,Sí,Sí,Sí,Huayna Picchu,Qorikancha,Medio,Sí,3000,Consulta médica,Bus,Cultural Experience,Medio,Sí,No
31,Costa Rica,Español,Medio,6,Relajación,No,No,No,Sí,Sí,Sí,Sí,Huayna Picchu,Pisac,Medio,Sí,3200,Hidratación permanente,Bus + Tren,Ruta Trekking,Medio,Sí,Sí
25,Nueva Zelanda,Inglés,Alto,8,Mochilero,No,No,No,Sí,Sí,Sí,Sí,Huayna Picchu,Laguna Humantay,Alto,Sí,3500,Ropa térmica,Trekking,Andean Adventure,Alto,No,No
36,Paraguay,Español,Económico,5,Fotografía,No,No,Sí,Sí,Sí,No,Sí,Huayna Picchu,Centro Histórico,Medio,Sí,3000,Descanso moderado,Bus,Cultural Explorer,Medio,Sí,Sí
40,Rusia,Ruso,Alto,9,Cultural,No,No,No,Sí,Sí,Sí,Sí,Huayna Picchu,Montaña 7 Colores,Alto,Sí,3600,Aclimatación previa,Trekking,Peru Extreme,Alto,No,No
28,Perú,Español,Medio,5,Aventura,No,No,No,Sí,Sí,Sí,Sí,Huayna Picchu,Valle Sagrado,Medio,Sí,3100,Consumir mate de coca,Bus,Ruta Imperial,Medio,Sí,Sí
33,Finlandia,Inglés,Alto,8,Cultural,No,No,Sí,Sí,Sí,Sí,Sí,Huayna Picchu,Maras,Alto,Sí,3400,Hidratación continua,Trekking,Andes Full Trek,Alto,No,No
22,Venezuela,Español,Económico,4,Relajación,No,No,No,Sí,Sí,No,Sí,Huayna Picchu,San Pedro,Medio,Sí,2900,Descansar correctamente,Bus,Backpacker Cusco,Medio,Sí,Sí
47,Hungría,Húngaro,Alto,10,Mochilero,Sí,No,No,Sí,Sí,Sí,Sí,Huayna Picchu,Qenqo,Medio,Sí,3000,Control de presión,Bus,Cultural Andes,Medio,Sí,No
30,Tailandia,Tailandés,Medio,6,Fotografía,No,No,Sí,Sí,Sí,Sí,Sí,Huayna Picchu,Puca Pucara,Medio,Sí,3200,Hidratación y descanso,Bus + Trek,Huayna Adventure,Medio,Sí,Sí
35,Estados Unidos,Inglés,Alto,9,Cultural,No,No,No,Sí,Sí,Sí,Sí,Huayna Picchu,Salkantay Trek,Alto,Sí,3600,Preparación física,Trekking,Extreme Andes,Alto,No,No
24,Perú,Español,Económico,4,Relajación,No,No,No,Sí,Sí,No,Sí,Huayna Picchu,Plaza de Armas,Medio,Sí,2900,Consumir líquidos,Bus,Ruta Cusco,Medio,Sí,Sí
39,Canadá,Inglés,Alto,8,Aventura,No,No,Sí,Sí,Sí,Sí,Sí,Huayna Picchu,Laguna Piuray,Alto,Sí,3400,Aclimatación previa,Trekking,Huayna Nature,Alto,No,No
27,España,Español,Medio,5,Histórico,No,No,No,Sí,Sí,Sí,Sí,Huayna Picchu,Ollantaytambo,Medio,Sí,3200,Hidratación adecuada,Bus,Aventura Cultural,Medio,Sí,Sí
42,Brasil,Portugués,Alto,9,Mochilero,No,No,No,Sí,Sí,Sí,Sí,Huayna Picchu,Camino Inca,Alto,Sí,3500,Ropa adecuada,Trekking,Huayna Premium,Alto,No,No
32,Israel,Hebreo,Alto,7,Cultural,No,No,No,Sí,Sí,Sí,Sí,Pikillacta,Laguna Piuray,Medio,Sí,3100,Descanso previo,Bus,Andes Heritage,Medio,Sí,No
24,Perú,Español,Económico,4,Mochilero,No,No,Sí,Sí,Sí,No,Sí,Pikillacta,Sacsayhuamán,Bajo,No,2700,Consumir líquidos,Bus,Cusco Clásico,Bajo,Sí,Sí
41,Irlanda,Inglés,Alto,8,Fotografía,No,No,No,Sí,Sí,Sí,Sí,Pikillacta,Salkantay Trek,Medio,Sí,3200,Hidratación constante,Bus + Trek,Full Cusco,Medio,Sí,No
26,Sudáfrica,Inglés,Medio,6,Aventura,No,No,No,Sí,Sí,Sí,Sí,Pikillacta,Ollantaytambo,Medio,Sí,3000,Usar bloqueador,Bus + Tren,Cultural Andes,Medio,Sí,Sí
34,Filipinas,Inglés,Medio,7,Cultural,No,No,Sí,Sí,Sí,Sí,Sí,Pikillacta,Moray,Medio,Sí,2900,Medicamentos básicos,Bus,Ruta Andina,Medio,Sí,Sí
29,Marruecos,Árabe,Económico,5,Relajación,No,No,No,Sí,Sí,No,Sí,Pikillacta,Catedral Cusco,Bajo,No,2600,Descanso adecuado,Bus,Cultural Cusco,Bajo,Sí,Sí
43,Suecia,Inglés,Alto,11,Fotografía,No,No,No,Sí,Sí,Sí,Sí,Pikillacta,Nevado Salkantay,Medio,Sí,3300,Aclimatación y descanso,Bus + Trek,Pikillacta Extreme,Medio,Sí,No
27,Indonesia,Indonesio,Medio,6,Aventura,No,No,Sí,Sí,Sí,Sí,Sí,Pikillacta,Tambomachay,Medio,Sí,3000,Hidratación continua,Bus,Aventura Andes,Medio,Sí,Sí
38,Dinamarca,Inglés,Alto,9,Cultural,No,No,No,Sí,Sí,Sí,Sí,Pikillacta,Camino Inca,Medio,Sí,3200,Preparación física,Bus + Trek,Pikillacta Explorer,Medio,Sí,No
23,Uruguay,Español,Económico,4,Mochilero,No,No,No,Sí,Sí,No,Sí,Pikillacta,Sacsayhuamán,Bajo,No,2500,Consumir agua,Bus,Cusco Aventura,Bajo,Sí,Sí
45,Austria,Alemán,Alto,10,Relajación,Sí,No,Sí,Sí,Sí,Sí,Sí,Pikillacta,Qorikancha,Bajo,No,2400,Consulta médica,Bus,Tour Cultural,Bajo,Sí,No
31,Costa Rica,Español,Medio,6,Cultural,No,No,No,Sí,Sí,Sí,Sí,Pikillacta,Pisac,Medio,Sí,3000,Hidratación permanente,Bus + Caminata,Ruta Trekking,Medio,Sí,Sí
25,Nueva Zelanda,Inglés,Alto,8,Fotografía,No,No,No,Sí,Sí,Sí,Sí,Pikillacta,Laguna Humantay,Medio,Sí,3200,Ropa térmica,Bus + Trek,Andean Adventure,Medio,Sí,No
36,Paraguay,Español,Económico,5,Aventura,No,No,Sí,Sí,Sí,No,Sí,Pikillacta,Centro Histórico,Bajo,No,2700,Descanso moderado,Bus,Cultural Explorer,Bajo,Sí,Sí
40,Rusia,Ruso,Alto,10,Cultural,No,No,No,Sí,Sí,Sí,Sí,Pikillacta,Montaña 7 Colores,Medio,Sí,3300,Aclimatación previa,Bus + Trek,Pikillacta Trek,Medio,Sí,No
28,Perú,Español,Medio,5,Relajación,No,No,No,Sí,Sí,Sí,Sí,Pikillacta,Valle Sagrado,Bajo,Sí,2800,Consumir mate de coca,Bus,Ruta Imperial,Bajo,Sí,Sí
33,Finlandia,Inglés,Alto,8,Fotografía,No,No,Sí,Sí,Sí,Sí,Sí,Pikillacta,Maras,Medio,Sí,3200,Hidratación continua,Bus + Trek,Andes Full Trek,Medio,Sí,No
22,Venezuela,Español,Económico,4,Mochilero,No,No,No,Sí,Sí,No,Sí,Pikillacta,San Pedro,Bajo,No,2600,Descansar correctamente,Bus,Backpacker Cusco,Bajo,Sí,Sí
47,Hungría,Húngaro,Alto,11,Cultural,Sí,No,No,Sí,Sí,Sí,Sí,Pikillacta,Qenqo,Bajo,Sí,2500,Control de presión,Bus,Cultural Andes,Bajo,Sí,No
30,Tailandia,Tailandés,Medio,6,Aventura,No,No,Sí,Sí,Sí,Sí,Sí,Pikillacta,Puca Pucara,Medio,Sí,3000,Hidratación y descanso,Bus + Trek,Pikillacta Adventure,Medio,Sí,Sí
29,Australia,Inglés,Alto,7,Cultural,No,No,No,Sí,Sí,Sí,Sí,Raqchi,Valle Sagrado,Medio,Sí,3200,Hidratación constante,Bus,Raqchi Cultural,Medio,Sí,Sí
34,Perú,Español,Medio,5,Relajación,No,No,No,Sí,Sí,Sí,No,Raqchi,Qorikancha,Bajo,No,3000,Descansar adecuadamente,Bus,City Tour Cusco,Bajo,Sí,Sí
27,Estados Unidos,Inglés,Alto,8,Fotografía,No,No,Sí,Sí,Sí,Sí,Sí,Raqchi,Pisac,Medio,Sí,3300,Llevar medicamentos,Bus + Caminata,Ruta Wari,Medio,Sí,Sí
41,Canadá,Inglés,Alto,9,Cultural,No,No,No,Sí,Sí,Sí,Sí,Raqchi,Ollantaytambo,Medio,Sí,3300,Aclimatación previa,Bus,Tour Valle Sur,Medio,Sí,No
24,Argentina,Español,Económico,4,Mochilero,No,No,No,Sí,Sí,No,Sí,Raqchi,Sacsayhuamán,Bajo,No,2900,Consumir agua,Bus,Cusco Tradicional,Bajo,Sí,Sí
38,Alemania,Alemán,Alto,10,Fotografía,No,No,No,Sí,Sí,Sí,Sí,Raqchi,Moray,Medio,Sí,3300,Usar bloqueador solar,Bus + Tren,Circuito Inca,Medio,Sí,No
30,Francia,Francés,Medio,6,Cultural,No,No,Sí,Sí,Sí,Sí,Sí,Raqchi,Maras,Medio,Sí,3200,Hidratación frecuente,Bus,Tour Cultural,Medio,Sí,Sí
22,Brasil,Portugués,Medio,5,Aventura,No,No,No,Sí,Sí,No,Sí,Raqchi,Barrio San Blas,Bajo,No,2900,Descanso moderado,Bus,City Tour,Bajo,Sí,Sí
45,Chile,Español,Alto,7,Relajación,Sí,No,No,Sí,Sí,Sí,Sí,Raqchi,Catedral Cusco,Bajo,No,2800,Consultar médico,Bus,Tour Religioso,Bajo,Sí,Sí
28,Japón,Japonés,Alto,8,Fotografía,No,No,Sí,Sí,Sí,Sí,Sí,Raqchi,Machu Picchu,Medio,Sí,3300,Llevar snacks,Bus + Tren,Cusco Imperial,Medio,Sí,No
36,Italia,Italiano,Medio,6,Cultural,No,No,No,Sí,Sí,Sí,Sí,Raqchi,Puca Pucara,Medio,Sí,3100,Usar sombrero,Bus,Ruta Andina,Medio,Sí,Sí
31,México,Español,Medio,5,Aventura,No,No,No,Sí,Sí,No,Sí,Raqchi,Qenqo,Bajo,No,2800,Hidratación constante,Bus,Tour Cusco,Bajo,Sí,Sí
40,Reino Unido,Inglés,Alto,9,Fotografía,No,No,Sí,Sí,Sí,Sí,Sí,Raqchi,Camino Inca,Medio,Sí,3300,Aclimatación recomendada,Bus + Trek,Ruta Patrimonial,Medio,Sí,No
26,España,Español,Medio,5,Cultural,No,No,No,Sí,Sí,Sí,Sí,Raqchi,Plaza de Armas,Bajo,No,2800,Consumir líquidos,Bus,City Experience,Bajo,Sí,Sí
33,China,Chino,Alto,8,Relajación,No,No,No,Sí,Sí,Sí,Sí,Raqchi,Laguna Humantay,Medio,Sí,3200,Ropa cómoda,Bus + Caminata,Tour Andes,Medio,Sí,No
37,Corea del Sur,Coreano,Alto,7,Fotografía,No,No,Sí,Sí,Sí,Sí,Sí,Raqchi,Moray,Medio,Sí,3100,Hidratación permanente,Bus,Raqchi Explorer,Medio,Sí,Sí
23,Colombia,Español,Económico,4,Mochilero,No,No,No,Sí,Sí,No,Sí,Raqchi,Mercado San Pedro,Bajo,No,2700,Descanso adecuado,Bus,Cusco Económico,Bajo,Sí,Sí
44,Suiza,Alemán,Alto,10,Cultural,No,No,No,Sí,Sí,Sí,Sí,Raqchi,Choquequirao,Medio,Sí,3300,Aclimatación previa,Bus + Trek,Andes Discovery,Medio,Sí,No
27,Ecuador,Español,Medio,5,Aventura,No,No,Sí,Sí,Sí,Sí,Sí,Raqchi,Tambomachay,Bajo,Sí,2900,Evitar comidas pesadas,Bus,Circuito Cusco,Bajo,Sí,Sí
39,Países Bajos,Inglés,Alto,8,Fotografía,No,No,No,Sí,Sí,Sí,Sí,Raqchi,Nevado Salkantay,Medio,Sí,3200,Hidratación y descanso,Bus,Aventura Cultural,Medio,Sí,No
25,Perú,Español,Económico,4,Cultural,No,No,No,Sí,Sí,No,Sí,Raqchi,San Blas,Bajo,No,2700,Consumir mate de coca,Bus,Tour Tradicional,Bajo,Sí,Sí
42,Bélgica,Francés,Alto,9,Relajación,Sí,No,No,Sí,Sí,Sí,Sí,Raqchi,Qorikancha,Bajo,No,2600,Control médico,Bus,Cusco Histórico,Bajo,Sí,Sí
30,Turquía,Turco,Medio,6,Fotografía,No,No,Sí,Sí,Sí,Sí,Sí,Raqchi,Pisac,Medio,Sí,3000,Llevar medicamentos,Bus + Caminata,Andes Tour,Medio,Sí,Sí
35,India,Inglés,Alto,8,Cultural,No,No,No,Sí,Sí,Sí,Sí,Raqchi,Maras,Medio,Sí,3200,Usar ropa ligera,Bus,Ruta Inca,Medio,Sí,No
21,Bolivia,Español,Económico,3,Mochilero,No,No,No,Sí,Sí,No,Sí,Raqchi,Centro Histórico,Bajo,No,2600,Hidratación adecuada,Bus,City Tour,Bajo,Sí,Sí
46,Noruega,Inglés,Alto,10,Fotografía,No,No,Sí,Sí,Sí,Sí,Sí,Raqchi,Montaña 7 Colores,Medio,Sí,3300,Aclimatación obligatoria,Bus + Trek,Tour Premium,Medio,Sí,No
28,Portugal,Portugués,Medio,5,Cultural,No,No,No,Sí,Sí,Sí,Sí,Raqchi,Valle Sagrado,Bajo,Sí,2900,Evitar alcohol,Bus,Ruta Cusco,Bajo,Sí,Sí
32,Israel,Hebreo,Alto,7,Aventura,No,No,No,Sí,Sí,Sí,Sí,Raqchi,Laguna Piuray,Medio,Sí,3200,Descanso previo,Bus,Andes Heritage,Medio,Sí,No
24,Perú,Español,Económico,4,Mochilero,No,No,Sí,Sí,Sí,No,Sí,Raqchi,Sacsayhuamán,Bajo,No,2700,Consumir líquidos,Bus,Cusco Clásico,Bajo,Sí,Sí
41,Irlanda,Inglés,Alto,8,Fotografía,No,No,No,Sí,Sí,Sí,Sí,Raqchi,Salkantay Trek,Medio,Sí,3300,Hidratación constante,Bus + Trek,Full Cusco,Medio,Sí,No
26,Sudáfrica,Inglés,Medio,6,Cultural,No,No,No,Sí,Sí,Sí,Sí,Raqchi,Ollantaytambo,Medio,Sí,3000,Usar bloqueador,Bus + Tren,Cultural Andes,Medio,Sí,Sí
34,Filipinas,Inglés,Medio,7,Relajación,No,No,Sí,Sí,Sí,Sí,Sí,Raqchi,Moray,Medio,Sí,3000,Medicamentos básicos,Bus,Ruta Andina,Medio,Sí,Sí
29,Marruecos,Árabe,Económico,5,Cultural,No,No,No,Sí,Sí,No,Sí,Raqchi,Catedral Cusco,Bajo,No,2600,Descanso adecuado,Bus,Cultural Cusco,Bajo,Sí,Sí
43,Suecia,Inglés,Alto,11,Fotografía,No,No,No,Sí,Sí,Sí,Sí,Raqchi,Nevado Salkantay,Medio,Sí,3300,Aclimatación y descanso,Bus + Trek,Raqchi Extreme,Medio,Sí,No
27,Indonesia,Indonesio,Medio,6,Aventura,No,No,Sí,Sí,Sí,Sí,Sí,Raqchi,Tambomachay,Medio,Sí,3000,Hidratación continua,Bus,Aventura Andes,Medio,Sí,Sí
38,Dinamarca,Inglés,Alto,9,Cultural,No,No,No,Sí,Sí,Sí,Sí,Raqchi,Camino Inca,Medio,Sí,3300,Preparación física,Bus + Trek,Raqchi Explorer,Medio,Sí,No
23,Uruguay,Español,Económico,4,Mochilero,No,No,No,Sí,Sí,No,Sí,Raqchi,Sacsayhuamán,Bajo,No,2500,Consumir agua,Bus,Cusco Aventura,Bajo,Sí,Sí
45,Austria,Alemán,Alto,10,Relajación,Sí,No,Sí,Sí,Sí,Sí,Sí,Raqchi,Qorikancha,Bajo,No,2400,Consulta médica,Bus,Tour Cultural,Bajo,Sí,No
31,Costa Rica,Español,Medio,6,Cultural,No,No,No,Sí,Sí,Sí,Sí,Raqchi,Pisac,Medio,Sí,3000,Hidratación permanente,Bus + Caminata,Ruta Trekking,Medio,Sí,Sí
25,Nueva Zelanda,Inglés,Alto,8,Fotografía,No,No,No,Sí,Sí,Sí,Sí,Raqchi,Laguna Humantay,Medio,Sí,3200,Ropa térmica,Bus + Trek,Andean Adventure,Medio,Sí,No
36,Paraguay,Español,Económico,5,Aventura,No,No,Sí,Sí,Sí,No,Sí,Raqchi,Centro Histórico,Bajo,No,2700,Descanso moderado,Bus,Cultural Explorer,Bajo,Sí,Sí
40,Rusia,Ruso,Alto,10,Cultural,No,No,No,Sí,Sí,Sí,Sí,Raqchi,Montaña 7 Colores,Medio,Sí,3300,Aclimatación previa,Bus + Trek,Raqchi Trek,Medio,Sí,No
28,Perú,Español,Medio,5,Relajación,No,No,No,Sí,Sí,Sí,Sí,Raqchi,Valle Sagrado,Bajo,Sí,2900,Consumir mate de coca,Bus,Ruta Imperial,Bajo,Sí,Sí
33,Finlandia,Inglés,Alto,8,Fotografía,No,No,Sí,Sí,Sí,Sí,Sí,Raqchi,Maras,Medio,Sí,3200,Hidratación continua,Bus + Trek,Andes Full Trek,Medio,Sí,No
22,Venezuela,Español,Económico,4,Mochilero,No,No,No,Sí,Sí,No,Sí,Raqchi,San Pedro,Bajo,No,2600,Descansar correctamente,Bus,Backpacker Cusco,Bajo,Sí,Sí
47,Hungría,Húngaro,Alto,11,Cultural,Sí,No,No,Sí,Sí,Sí,Sí,Raqchi,Qenqo,Bajo,Sí,2500,Control de presión,Bus,Cultural Andes,Bajo,Sí,No
30,Tailandia,Tailandés,Medio,6,Aventura,No,No,Sí,Sí,Sí,Sí,Sí,Raqchi,Puca Pucara,Medio,Sí,3000,Hidratación y descanso,Bus + Trek,Raqchi Adventure,Medio,Sí,Sí
35,Estados Unidos,Inglés,Alto,10,Fotografía,No,No,No,Sí,Sí,Sí,Sí,Raqchi,Salkantay Trek,Medio,Sí,3300,Preparación física,Bus + Trek,Extreme Andes,Medio,Sí,No
24,Perú,Español,Económico,4,Cultural,No,No,No,Sí,Sí,No,Sí,Raqchi,Plaza de Armas,Bajo,No,2600,Consumir líquidos,Bus,Ruta Cusco,Bajo,Sí,Sí
39,Canadá,Inglés,Alto,9,Relajación,No,No,Sí,Sí,Sí,Sí,Sí,Raqchi,Laguna Piuray,Medio,Sí,3200,Aclimatación previa,Bus + Trek,Raqchi Nature,Medio,Sí,No
27,España,Español,Medio,5,Cultural,No,No,No,Sí,Sí,Sí,Sí,Raqchi,Ollantaytambo,Medio,Sí,3000,Hidratación adecuada,Bus,Aventura Cultural,Medio,Sí,Sí
42,Brasil,Portugués,Alto,8,Fotografía,No,No,No,Sí,Sí,Sí,Sí,Raqchi,Camino Inca,Medio,Sí,3200,Ropa adecuada,Bus + Trek,Raqchi Premium,Medio,Sí,No
24,Perú,Español,Medio,5,Aventura,No,No,No,Sí,Sí,No,Sí,Montaña de 7 Colores,Valle Rojo,Alto,Sí,4200,Aclimatación previa,Bus + Caminata,Vinicunca Full Day,Alto,No,No
31,Estados Unidos,Inglés,Alto,8,Fotografía,No,No,Sí,Sí,Sí,Sí,Sí,Montaña de 7 Colores,Laguna Humantay,Alto,Sí,4300,Hidratación constante,Bus + Trek,Rainbow Mountain Trek,Alto,No,No
27,Argentina,Español,Económico,6,Mochilero,No,No,No,Sí,Sí,No,Sí,Montaña de 7 Colores,Sacsayhuamán,Medio,Sí,4000,Consumir mate de coca,Bus,Tour Vinicunca,Medio,No,No
36,Canadá,Inglés,Alto,9,Aventura,No,No,No,Sí,Sí,Sí,Sí,Montaña de 7 Colores,Nevado Salkantay,Alto,Sí,4350,Aclimatación obligatoria,Trekking,Rainbow Andes,Alto,No,No
29,Brasil,Portugués,Medio,7,Fotografía,No,No,Sí,Sí,Sí,Sí,Sí,Montaña de 7 Colores,Valle Rojo,Alto,Sí,4200,Hidratación permanente,Bus + Caminata,Vinicunca Experience,Alto,No,No
42,Alemania,Alemán,Alto,10,Cultural,No,No,No,Sí,Sí,Sí,Sí,Montaña de 7 Colores,Moray,Medio,Sí,4100,Descansar previamente,Bus,Tour Andes,Medio,No,No
23,Chile,Español,Económico,5,Aventura,No,No,No,Sí,Sí,No,Sí,Montaña de 7 Colores,Pisac,Alto,Sí,4000,Usar bloqueador solar,Bus,Ruta Vinicunca,Alto,No,No
34,Francia,Francés,Alto,8,Fotografía,No,No,Sí,Sí,Sí,Sí,Sí,Montaña de 7 Colores,Laguna Piuray,Alto,Sí,4250,Aclimatación en Cusco,Bus + Trek,Andes Colors,Alto,No,No
26,México,Español,Medio,6,Cultural,No,No,No,Sí,Sí,Sí,Sí,Montaña de 7 Colores,Qorikancha,Medio,Sí,3900,Consumir líquidos,Bus,Cusco Nature,Medio,No,Sí
39,Reino Unido,Inglés,Alto,11,Aventura,No,No,Sí,Sí,Sí,Sí,Sí,Montaña de 7 Colores,Camino Inca,Alto,Sí,4350,Preparación física,Trekking,Andean Adventure,Alto,No,No
22,Colombia,Español,Económico,4,Mochilero,No,No,No,Sí,Sí,No,Sí,Montaña de 7 Colores,Centro Histórico,Bajo,Sí,3800,Descansar correctamente,Bus,Rainbow Budget,Medio,No,No
45,Japón,Japonés,Alto,9,Fotografía,No,No,Sí,Sí,Sí,Sí,Sí,Montaña de 7 Colores,Machu Picchu,Alto,Sí,4300,Llevar snacks energéticos,Bus + Caminata,Vinicunca Premium,Alto,No,No
28,España,Español,Medio,6,Aventura,No,No,No,Sí,Sí,Sí,Sí,Montaña de 7 Colores,Maras,Medio,Sí,4000,Hidratación constante,Bus,Ruta Andina,Medio,No,No
37,China,Chino,Alto,10,Fotografía,No,No,No,Sí,Sí,Sí,Sí,Montaña de 7 Colores,Laguna Humantay,Alto,Sí,4250,Ropa térmica,Bus + Trek,Andes Explorer,Alto,No,No
25,Perú,Español,Económico,5,Aventura,No,No,No,Sí,Sí,No,Sí,Montaña de 7 Colores,Puca Pucara,Medio,Sí,3900,Consumir mate de coca,Bus,Tour Económico,Medio,No,No
41,Italia,Italiano,Alto,9,Cultural,No,No,Sí,Sí,Sí,Sí,Sí,Montaña de 7 Colores,Choquequirao,Alto,Sí,4200,Aclimatación previa,Bus + Trek,Andes Heritage,Alto,No,No
30,Corea del Sur,Coreano,Alto,8,Fotografía,No,No,No,Sí,Sí,Sí,Sí,Montaña de 7 Colores,Valle Rojo,Alto,Sí,4300,Hidratación adecuada,Bus + Caminata,Rainbow Trek,Alto,No,No
21,Bolivia,Español,Económico,4,Mochilero,No,No,No,Sí,Sí,No,Sí,Montaña de 7 Colores,Plaza de Armas,Bajo,Sí,3700,Consumir agua,Bus,Vinicunca Backpacker,Medio,No,No
43,Suiza,Alemán,Alto,12,Aventura,No,No,Sí,Sí,Sí,Sí,Sí,Montaña de 7 Colores,Nevado Salkantay,Alto,Sí,4350,Preparación física,Trekking,Extreme Andes,Alto,No,No
27,Ecuador,Español,Medio,6,Cultural,No,No,No,Sí,Sí,Sí,Sí,Montaña de 7 Colores,Tambomachay,Medio,Sí,3900,Evitar comidas pesadas,Bus,Tour Cultural,Medio,Sí,Sí
35,Países Bajos,Inglés,Alto,8,Fotografía,No,No,No,Sí,Sí,Sí,Sí,Montaña de 7 Colores,Laguna Piuray,Alto,Sí,4200,Hidratación y descanso,Bus + Trek,Colors Experience,Alto,No,No
24,Venezuela,Español,Económico,5,Aventura,No,No,Sí,Sí,Sí,No,Sí,Montaña de 7 Colores,San Blas,Medio,Sí,3900,Descansar bien,Bus,Rainbow Classic,Medio,No,No
46,Noruega,Inglés,Alto,11,Fotografía,No,No,No,Sí,Sí,Sí,Sí,Montaña de 7 Colores,Camino Inca,Alto,Sí,4350,Aclimatación obligatoria,Trekking,Vinicunca Elite,Alto,No,No
29,Portugal,Portugués,Medio,7,Cultural,No,No,No,Sí,Sí,Sí,Sí,Montaña de 7 Colores,Valle Sagrado,Medio,Sí,4000,Evitar alcohol,Bus,Ruta Cusco,Medio,Sí,Sí
32,Israel,Hebreo,Alto,9,Aventura,No,No,Sí,Sí,Sí,Sí,Sí,Montaña de 7 Colores,Laguna Humantay,Alto,Sí,4250,Descanso previo,Trekking,Andean Colors,Alto,No,No
23,Uruguay,Español,Económico,4,Mochilero,No,No,No,Sí,Sí,No,Sí,Montaña de 7 Colores,Sacsayhuamán,Bajo,Sí,3800,Hidratación básica,Bus,Vinicunca Light,Medio,No,No
40,Irlanda,Inglés,Alto,10,Fotografía,No,No,No,Sí,Sí,Sí,Sí,Montaña de 7 Colores,Salkantay Trek,Alto,Sí,4300,Consumir agua constantemente,Trekking,Full Rainbow Trek,Alto,No,No
26,Sudáfrica,Inglés,Medio,6,Aventura,No,No,No,Sí,Sí,Sí,Sí,Montaña de 7 Colores,Ollantaytambo,Alto,Sí,4100,Usar protector solar,Bus + Trek,Andes Journey,Alto,No,No
34,Filipinas,Inglés,Medio,7,Cultural,No,No,Sí,Sí,Sí,Sí,Sí,Montaña de 7 Colores,Moray,Medio,Sí,3950,Medicamentos básicos,Bus,Cultural Rainbow,Medio,Sí,Sí
28,Marruecos,Árabe,Económico,5,Mochilero,No,No,No,Sí,Sí,No,Sí,Montaña de 7 Colores,Catedral Cusco,Bajo,Sí,3800,Descanso moderado,Bus,Backpacker Andes,Medio,No,No
44,Suecia,Inglés,Alto,12,Fotografía,No,No,No,Sí,Sí,Sí,Sí,Montaña de 7 Colores,Nevado Salkantay,Alto,Sí,4350,Aclimatación y descanso,Trekking,Rainbow Extreme,Alto,No,No
27,Indonesia,Indonesio,Medio,8,Aventura,No,No,Sí,Sí,Sí,Sí,Sí,Montaña de 7 Colores,Tambomachay,Alto,Sí,4200,Hidratación continua,Bus + Caminata,Adventure Peru,Alto,No,No
38,Dinamarca,Inglés,Alto,10,Fotografía,No,No,No,Sí,Sí,Sí,Sí,Montaña de 7 Colores,Camino Inca,Alto,Sí,4300,Preparación física,Trekking,Rainbow Explorer,Alto,No,No
22,Paraguay,Español,Económico,4,Cultural,No,No,No,Sí,Sí,No,Sí,Montaña de 7 Colores,Centro Histórico,Bajo,Sí,3700,Consumir líquidos,Bus,City Rainbow,Medio,Sí,Sí
45,Austria,Alemán,Alto,11,Fotografía,Sí,No,Sí,Sí,Sí,Sí,Sí,Montaña de 7 Colores,Qorikancha,Medio,Sí,3900,Consulta médica,Bus,Tour Histórico,Medio,Sí,No
31,Costa Rica,Español,Medio,7,Aventura,No,No,No,Sí,Sí,Sí,Sí,Montaña de 7 Colores,Pisac,Alto,Sí,4100,Hidratación permanente,Bus + Trek,Adventure Cusco,Alto,No,No
25,Nueva Zelanda,Inglés,Alto,9,Fotografía,No,No,No,Sí,Sí,Sí,Sí,Montaña de 7 Colores,Laguna Humantay,Alto,Sí,4250,Ropa térmica,Trekking,Andean Adventure,Alto,No,No
36,Rusia,Ruso,Alto,10,Aventura,No,No,Sí,Sí,Sí,Sí,Sí,Montaña de 7 Colores,Valle Rojo,Alto,Sí,4300,Aclimatación previa,Trekking,Vinicunca Trek,Alto,No,No
29,Perú,Español,Medio,6,Cultural,No,No,No,Sí,Sí,Sí,Sí,Montaña de 7 Colores,Valle Sagrado,Medio,Sí,3950,Consumir mate de coca,Bus,Ruta Imperial,Medio,Sí,Sí
33,Finlandia,Inglés,Alto,9,Fotografía,No,No,Sí,Sí,Sí,Sí,Sí,Montaña de 7 Colores,Maras,Alto,Sí,4200,Hidratación continua,Trekking,Andes Full Trek,Alto,No,No
21,Perú,Español,Económico,4,Mochilero,No,No,No,Sí,Sí,No,Sí,Montaña de 7 Colores,San Pedro,Bajo,Sí,3700,Descanso correcto,Bus,Ruta Económica,Medio,No,No
47,Hungría,Húngaro,Alto,12,Cultural,Sí,No,No,Sí,Sí,Sí,Sí,Montaña de 7 Colores,Qenqo,Medio,Sí,3900,Control médico,Bus,Andes Cultural,Medio,Sí,No
30,Tailandia,Tailandés,Medio,7,Aventura,No,No,Sí,Sí,Sí,Sí,Sí,Montaña de 7 Colores,Puca Pucara,Alto,Sí,4150,Hidratación y descanso,Bus + Trek,Rainbow Adventure,Alto,No,No
35,Estados Unidos,Inglés,Alto,11,Fotografía,No,No,No,Sí,Sí,Sí,Sí,Montaña de 7 Colores,Salkantay Trek,Alto,Sí,4350,Preparación física,Trekking,Extreme Peru,Alto,No,No
24,Perú,Español,Económico,5,Cultural,No,No,No,Sí,Sí,No,Sí,Montaña de 7 Colores,Plaza de Armas,Bajo,Sí,3800,Consumir líquidos,Bus,Cusco Rainbow,Medio,Sí,Sí
39,Canadá,Inglés,Alto,10,Fotografía,No,No,Sí,Sí,Sí,Sí,Sí,Montaña de 7 Colores,Laguna Piuray,Alto,Sí,4250,Aclimatación previa,Trekking,Nature Colors,Alto,No,No
27,España,Español,Medio,6,Aventura,No,No,No,Sí,Sí,Sí,Sí,Montaña de 7 Colores,Ollantaytambo,Medio,Sí,4000,Hidratación adecuada,Bus,Aventura Cultural,Medio,No,No
42,Brasil,Portugués,Alto,9,Fotografía,No,No,No,Sí,Sí,Sí,Sí,Montaña de 7 Colores,Camino Inca,Alto,Sí,4300,Ropa adecuada,Trekking,Rainbow Premium,Alto,No,No
26,Turquía,Turco,Medio,7,Cultural,No,No,Sí,Sí,Sí,Sí,Sí,Montaña de 7 Colores,Pisac,Medio,Sí,3950,Llevar medicamentos,Bus + Caminata,Andes Tour,Medio,Sí,Sí
38,India,Inglés,Alto,10,Aventura,No,No,No,Sí,Sí,Sí,Sí,Montaña de 7 Colores,Maras,Alto,Sí,4250,Usar ropa ligera,Trekking,Andean Trek,Alto,No,No
22,Bolivia,Español,Económico,4,Mochilero,No,No,No,Sí,Sí,No,Sí,Montaña de 7 Colores,Plaza de Armas,Bajo,Sí,3700,Hidratación adecuada,Bus,Cusco Backpacker,Medio,No,No
41,Bélgica,Francés,Alto,9,Fotografía,No,No,No,Sí,Sí,Sí,Sí,Montaña de 7 Colores,Qorikancha,Medio,Sí,4000,Control médico,Bus,Cultural Andes,Medio,Sí,No
28,China,Chino,Alto,8,Aventura,No,No,Sí,Sí,Sí,Sí,Sí,Montaña de 7 Colores,Machu Picchu,Alto,Sí,4200,Llevar snacks energéticos,Bus + Trek,Vinicunca Premium,Alto,No,No
24,Perú,Español,Económico,3,Naturaleza,No,No,No,Sí,Sí,No,Sí,Laguna Humantay,Salkantay,Alto,Sí,4200,Hidratación constante,Bus,Full Day,Alto,No,No
31,Argentina,Español,Medio,5,Aventura,No,No,No,Sí,Sí,No,Sí,Laguna Humantay,Soraypampa,Alto,Sí,4200,Consumir mate de coca,Bus,Trekking,Alto,No,No
28,Chile,Español,Medio,4,Naturaleza,No,No,No,Sí,Sí,No,Sí,Laguna Humantay,Nevado Salkantay,Alto,Sí,4300,Llevar medicación personal,Bus,Tour Aventura,Alto,No,No
35,Brasil,Portugués,Alto,7,Fotografía,No,No,No,Sí,Sí,No,Sí,Laguna Humantay,Soraypampa,Alto,Sí,4200,Aclimatación previa,Caminata,Trekking,Alto,No,No
22,México,Español,Económico,2,Mochilero,No,No,No,No,Sí,No,Sí,Laguna Humantay,Mollepata,Medio,Sí,4100,Descansar correctamente,Bus,Backpacker,Medio,No,No
40,Estados Unidos,Inglés,Alto,6,Naturaleza,Sí,No,No,Sí,Sí,No,Sí,Laguna Humantay,Valle Sagrado,Medio,Sí,4000,Evitar esfuerzo excesivo,Auto,Full Day,Medio,Sí,Sí
26,Colombia,Español,Medio,4,Aventura,No,No,No,Sí,Sí,No,Sí,Laguna Humantay,Salkantay Trek,Alto,Sí,4300,Hidratación continua,Bus,Tour Andino,Alto,No,No
29,Canadá,Inglés,Alto,8,Fotografía,No,No,No,Sí,Sí,Sí,Sí,Laguna Humantay,Nevado Salkantay,Alto,Sí,4300,Descanso moderado,Bus,Premium Trek,Alto,No,No
33,España,Español,Medio,5,Cultural,No,No,No,Sí,Sí,Sí,Sí,Laguna Humantay,Mollepata,Medio,Sí,4000,Consultar médico,Bus,Tour Cultural,Medio,Sí,Sí
27,Francia,Francés,Alto,7,Naturaleza,No,No,Sí,Sí,Sí,No,Sí,Laguna Humantay,Soraypampa,Alto,Sí,4200,Llevar snacks energéticos,Bus,Trekking,Alto,No,No
45,Japón,Japonés,Alto,9,Relajación,Sí,No,No,Sí,Sí,Sí,Sí,Laguna Humantay,Valle Sagrado,Bajo,No,3600,Usar bloqueador solar,Auto,Tour Relax,Bajo,Sí,Sí
23,Bolivia,Español,Económico,3,Mochilero,No,No,No,No,Sí,No,Sí,Laguna Humantay,Mollepata,Medio,Sí,4000,Hidratación constante,Bus,Backpacker,Medio,No,No
37,Italia,Italiano,Medio,6,Fotografía,No,No,No,Sí,Sí,Sí,Sí,Laguna Humantay,Salkantay,Alto,Sí,4200,Aclimatación recomendada,Bus,Tour Fotográfico,Alto,No,No
30,Alemania,Alemán,Alto,8,Aventura,No,No,No,Sí,Sí,No,Sí,Laguna Humantay,Soraypampa,Alto,Sí,4300,Consumir agua frecuentemente,Caminata,Trekking,Alto,No,No
21,Perú,Español,Económico,2,Aventura,No,No,No,No,Sí,No,Sí,Laguna Humantay,Mollepata,Medio,Sí,4000,Llevar ropa térmica,Bus,Full Day,Medio,No,No
39,Reino Unido,Inglés,Alto,10,Naturaleza,No,No,No,Sí,Sí,Sí,Sí,Laguna Humantay,Nevado Salkantay,Alto,Sí,4300,Hidratación permanente,Bus,Premium Trek,Alto,No,No
25,Uruguay,Español,Medio,4,Fotografía,No,No,No,Sí,Sí,No,Sí,Laguna Humantay,Soraypampa,Alto,Sí,4200,Descansar adecuadamente,Bus,Tour Aventura,Alto,No,No
32,Australia,Inglés,Alto,7,Aventura,No,No,No,Sí,Sí,No,Sí,Laguna Humantay,Salkantay Trek,Alto,Sí,4300,Aclimatación previa,Bus,Adventure Tour,Alto,No,No
28,Ecuador,Español,Económico,3,Mochilero,No,No,No,No,Sí,No,Sí,Laguna Humantay,Mollepata,Medio,Sí,4000,Evitar comidas pesadas,Bus,Backpacker,Medio,No,No
41,Corea del Sur,Coreano,Alto,8,Fotografía,No,No,No,Sí,Sí,Sí,Sí,Laguna Humantay,Nevado Salkantay,Alto,Sí,4300,Hidratación y descanso,Bus,Photo Tour,Alto,No,No
26,Paraguay,Español,Medio,4,Naturaleza,No,No,No,Sí,Sí,No,Sí,Laguna Humantay,Soraypampa,Alto,Sí,4200,Consumir mate de coca,Bus,Tour Andino,Alto,No,No
34,Portugal,Portugués,Alto,6,Aventura,No,No,No,Sí,Sí,No,Sí,Laguna Humantay,Salkantay Trek,Alto,Sí,4300,Control médico,Caminata,Trekking,Alto,No,No
22,Venezuela,Español,Económico,3,Mochilero,No,No,No,No,Sí,No,Sí,Laguna Humantay,Mollepata,Medio,Sí,4000,Llevar medicamentos,Bus,Backpacker,Medio,No,No
38,China,Chino,Alto,9,Fotografía,No,No,No,Sí,Sí,Sí,Sí,Laguna Humantay,Soraypampa,Alto,Sí,4200,Usar ropa ligera,Bus,Premium Tour,Alto,No,No
29,Costa Rica,Español,Medio,5,Naturaleza,No,No,No,Sí,Sí,No,Sí,Laguna Humantay,Salkantay,Alto,Sí,4200,Hidratación adecuada,Bus,Full Day,Alto,No,No
27,Suiza,Alemán,Alto,7,Fotografía,No,No,No,Sí,Sí,Sí,Sí,Laguna Humantay,Nevado Salkantay,Alto,Sí,4300,Aclimatación obligatoria,Bus,Photo Trek,Alto,No,No
36,Perú,Español,Medio,5,Naturaleza,No,No,No,Sí,Sí,No,Sí,Laguna Humantay,Mollepata,Medio,Sí,4100,Evitar alcohol,Bus,Tour Natural,Medio,Sí,Sí
43,Estados Unidos,Inglés,Alto,8,Fotografía,Sí,No,No,Sí,Sí,Sí,Sí,Laguna Humantay,Soraypampa,Medio,Sí,4000,Descanso previo,Auto,Premium Tour,Medio,Sí,Sí
20,Chile,Español,Económico,2,Aventura,No,No,No,No,Sí,No,Sí,Laguna Humantay,Salkantay Trek,Alto,Sí,4300,Consumir líquidos,Bus,Backpacker,Alto,No,No
47,Francia,Francés,Alto,10,Relajación,Sí,Sí,No,Sí,Sí,Sí,Sí,Laguna Humantay,Valle Sagrado,Bajo,No,3500,Hidratación constante,Auto,Tour Relax,Bajo,Sí,Sí
33,México,Español,Medio,6,Cultural,No,No,No,Sí,Sí,Sí,Sí,Laguna Humantay,Soraypampa,Medio,Sí,4000,Usar bloqueador,Bus,Tour Cultural,Medio,Sí,Sí
26,Perú,Español,Medio,4,Aventura,No,No,No,Sí,Sí,No,Sí,Valle Rojo,Montaña de 7 Colores,Alto,Sí,4200,Hidratación constante,Bus,Full Day,Alto,No,No
34,Estados Unidos,Inglés,Alto,7,Fotografía,No,No,Sí,Sí,Sí,Sí,Sí,Valle Rojo,Laguna Humantay,Alto,Sí,4300,Aclimatación previa,Bus + Caminata,Photo Tour,Alto,No,No
22,Argentina,Español,Económico,3,Mochilero,No,No,No,Sí,Sí,No,Sí,Valle Rojo,Cusipata,Medio,Sí,4000,Consumir mate de coca,Bus,Backpacker Tour,Medio,No,No
41,Canadá,Inglés,Alto,8,Naturaleza,No,No,No,Sí,Sí,Sí,Sí,Valle Rojo,Nevado Salkantay,Alto,Sí,4350,Aclimatación obligatoria,Trekking,Andes Experience,Alto,No,No
29,Brasil,Portugués,Medio,5,Fotografía,No,No,Sí,Sí,Sí,Sí,Sí,Valle Rojo,Montaña de 7 Colores,Alto,Sí,4200,Hidratación adecuada,Bus + Caminata,Rainbow Trek,Alto,No,No
38,Alemania,Alemán,Alto,9,Aventura,No,No,No,Sí,Sí,Sí,Sí,Valle Rojo,Salkantay Trek,Alto,Sí,4300,Preparación física,Trekking,Adventure Peru,Alto,No,No
24,Chile,Español,Económico,4,Naturaleza,No,No,No,Sí,Sí,No,Sí,Valle Rojo,Pisac,Medio,Sí,3900,Consumir líquidos,Bus,Cusco Explorer,Medio,No,Sí
33,Francia,Francés,Alto,7,Fotografía,No,No,Sí,Sí,Sí,Sí,Sí,Valle Rojo,Laguna Piuray,Alto,Sí,4250,Usar ropa térmica,Bus + Trek,Valley Colors,Alto,No,No
27,México,Español,Medio,5,Cultural,No,No,No,Sí,Sí,Sí,Sí,Valle Rojo,Qorikancha,Medio,Sí,4000,Descanso adecuado,Bus,Tour Andino,Medio,Sí,Sí
45,Reino Unido,Inglés,Alto,10,Fotografía,No,No,Sí,Sí,Sí,Sí,Sí,Valle Rojo,Camino Inca,Alto,Sí,4350,Aclimatación previa,Trekking,Andes Premium,Alto,No,No
21,Colombia,Español,Económico,3,Mochilero,No,No,No,Sí,Sí,No,Sí,Valle Rojo,Plaza de Armas,Bajo,Sí,3800,Hidratación básica,Bus,Ruta Económica,Medio,No,Sí
39,Japón,Japonés,Alto,8,Fotografía,No,No,Sí,Sí,Sí,Sí,Sí,Valle Rojo,Machu Picchu,Alto,Sí,4300,Llevar snacks energéticos,Bus + Trek,Photo Adventure,Alto,No,No
28,España,Español,Medio,6,Naturaleza,No,No,No,Sí,Sí,Sí,Sí,Valle Rojo,Maras,Medio,Sí,4050,Hidratación constante,Bus,Ruta Cusco,Medio,Sí,Sí
36,China,Chino,Alto,9,Fotografía,No,No,No,Sí,Sí,Sí,Sí,Valle Rojo,Laguna Humantay,Alto,Sí,4250,Aclimatación previa,Bus + Trek,Andes Explorer,Alto,No,No
25,Perú,Español,Económico,4,Aventura,No,No,No,Sí,Sí,No,Sí,Valle Rojo,Sacsayhuamán,Medio,Sí,3950,Consumir mate de coca,Bus,Tour Económico,Medio,No,Sí
42,Italia,Italiano,Alto,8,Cultural,No,No,Sí,Sí,Sí,Sí,Sí,Valle Rojo,Choquequirao,Alto,Sí,4200,Descansar antes del viaje,Bus + Trek,Heritage Tour,Alto,No,No
30,Corea del Sur,Coreano,Alto,7,Fotografía,No,No,No,Sí,Sí,Sí,Sí,Valle Rojo,Montaña de 7 Colores,Alto,Sí,4300,Hidratación continua,Bus + Caminata,Colors Peru,Alto,No,No
22,Bolivia,Español,Económico,3,Mochilero,No,No,No,Sí,Sí,No,Sí,Valle Rojo,Centro Histórico,Bajo,Sí,3800,Descansar correctamente,Bus,Backpacker Andes,Medio,No,Sí
44,Suiza,Alemán,Alto,11,Aventura,No,No,Sí,Sí,Sí,Sí,Sí,Valle Rojo,Nevado Salkantay,Alto,Sí,4350,Preparación física,Trekking,High Andes Trek,Alto,No,No
27,Ecuador,Español,Medio,5,Cultural,No,No,No,Sí,Sí,Sí,Sí,Valle Rojo,Tambomachay,Medio,Sí,4000,Evitar comidas pesadas,Bus,Tour Cultural,Medio,Sí,Sí
35,Países Bajos,Inglés,Alto,7,Fotografía,No,No,No,Sí,Sí,Sí,Sí,Valle Rojo,Laguna Piuray,Alto,Sí,4250,Hidratación y descanso,Bus + Trek,Valley Adventure,Alto,No,No
23,Venezuela,Español,Económico,4,Aventura,No,No,Sí,Sí,Sí,No,Sí,Valle Rojo,San Blas,Medio,Sí,3900,Consumir líquidos,Bus,Cusco Nature,Medio,No,Sí
46,Noruega,Inglés,Alto,10,Fotografía,No,No,No,Sí,Sí,Sí,Sí,Valle Rojo,Camino Inca,Alto,Sí,4350,Aclimatación obligatoria,Trekking,Premium Andes,Alto,No,No
28,Portugal,Portugués,Medio,5,Cultural,No,No,No,Sí,Sí,Sí,Sí,Valle Rojo,Valle Sagrado,Medio,Sí,4000,Evitar alcohol,Bus,Andean Route,Medio,Sí,Sí
32,Israel,Hebreo,Alto,8,Aventura,No,No,Sí,Sí,Sí,Sí,Sí,Valle Rojo,Laguna Humantay,Alto,Sí,4250,Descanso previo,Trekking,Adventure Andes,Alto,No,No
24,Uruguay,Español,Económico,3,Mochilero,No,No,No,Sí,Sí,No,Sí,Valle Rojo,Sacsayhuamán,Bajo,Sí,3800,Hidratación básica,Bus,Tour Backpacker,Medio,No,Sí
40,Irlanda,Inglés,Alto,9,Fotografía,No,No,No,Sí,Sí,Sí,Sí,Valle Rojo,Salkantay Trek,Alto,Sí,4300,Consumir agua frecuentemente,Trekking,Andes Trekking,Alto,No,No
26,Sudáfrica,Inglés,Medio,6,Aventura,No,No,No,Sí,Sí,Sí,Sí,Valle Rojo,Ollantaytambo,Alto,Sí,4100,Usar bloqueador solar,Bus + Trek,Cusco Adventure,Alto,No,No
33,Filipinas,Inglés,Medio,5,Cultural,No,No,Sí,Sí,Sí,Sí,Sí,Valle Rojo,Moray,Medio,Sí,4000,Medicamentos básicos,Bus,Andes Culture,Medio,Sí,Sí
29,Marruecos,Árabe,Económico,4,Mochilero,No,No,No,Sí,Sí,No,Sí,Valle Rojo,Catedral Cusco,Bajo,Sí,3800,Descanso moderado,Bus,Budget Andes,Medio,No,Sí
43,Suecia,Inglés,Alto,11,Fotografía,No,No,No,Sí,Sí,Sí,Sí,Valle Rojo,Nevado Salkantay,Alto,Sí,4350,Aclimatación y descanso,Trekking,Extreme Andes,Alto,No,No
27,Indonesia,Indonesio,Medio,6,Aventura,No,No,Sí,Sí,Sí,Sí,Sí,Valle Rojo,Tambomachay,Alto,Sí,4200,Hidratación permanente,Bus + Trek,Peru Adventure,Alto,No,No
38,Dinamarca,Inglés,Alto,9,Fotografía,No,No,No,Sí,Sí,Sí,Sí,Valle Rojo,Camino Inca,Alto,Sí,4300,Preparación física,Trekking,Colors Trek,Alto,No,No
22,Paraguay,Español,Económico,3,Cultural,No,No,No,Sí,Sí,No,Sí,Valle Rojo,Centro Histórico,Bajo,Sí,3800,Consumir agua,Bus,Tour Histórico,Medio,Sí,Sí
45,Austria,Alemán,Alto,10,Fotografía,Sí,No,Sí,Sí,Sí,Sí,Sí,Valle Rojo,Qorikancha,Medio,Sí,3900,Consulta médica,Bus,Cultural Premium,Medio,Sí,No
31,Costa Rica,Español,Medio,6,Aventura,No,No,No,Sí,Sí,Sí,Sí,Valle Rojo,Pisac,Alto,Sí,4100,Hidratación adecuada,Bus + Trek,Rainbow Valley,Alto,No,No
25,Nueva Zelanda,Inglés,Alto,8,Fotografía,No,No,No,Sí,Sí,Sí,Sí,Valle Rojo,Laguna Humantay,Alto,Sí,4250,Ropa térmica,Trekking,Andes Adventure,Alto,No,No
36,Rusia,Ruso,Alto,9,Aventura,No,No,Sí,Sí,Sí,Sí,Sí,Valle Rojo,Montaña de 7 Colores,Alto,Sí,4300,Aclimatación previa,Trekking,Red Valley Trek,Alto,No,No
28,Perú,Español,Medio,5,Cultural,No,No,No,Sí,Sí,Sí,Sí,Valle Rojo,Valle Sagrado,Medio,Sí,4000,Consumir mate de coca,Bus,Ruta Imperial,Medio,Sí,Sí
34,Finlandia,Inglés,Alto,8,Fotografía,No,No,Sí,Sí,Sí,Sí,Sí,Valle Rojo,Maras,Alto,Sí,4250,Hidratación continua,Trekking,Andes Full Trek,Alto,No,No
21,Perú,Español,Económico,3,Mochilero,No,No,No,Sí,Sí,No,Sí,Valle Rojo,San Pedro,Bajo,Sí,3800,Descanso adecuado,Bus,Cusco Backpacker,Medio,No,Sí
47,Hungría,Húngaro,Alto,11,Cultural,Sí,No,No,Sí,Sí,Sí,Sí,Valle Rojo,Qenqo,Medio,Sí,3900,Control médico,Bus,Andes Heritage,Medio,Sí,No
30,Tailandia,Tailandés,Medio,6,Aventura,No,No,Sí,Sí,Sí,Sí,Sí,Valle Rojo,Puca Pucara,Alto,Sí,4200,Hidratación y descanso,Bus + Trek,Adventure Route,Alto,No,No
35,Estados Unidos,Inglés,Alto,10,Fotografía,No,No,No,Sí,Sí,Sí,Sí,Valle Rojo,Salkantay Trek,Alto,Sí,4350,Preparación física,Trekking,Peru Extreme,Alto,No,No
24,Perú,Español,Económico,4,Cultural,No,No,No,Sí,Sí,No,Sí,Valle Rojo,Plaza de Armas,Bajo,Sí,3800,Consumir líquidos,Bus,Cusco Classic,Medio,Sí,Sí
39,Canadá,Inglés,Alto,9,Fotografía,No,No,Sí,Sí,Sí,Sí,Sí,Valle Rojo,Laguna Piuray,Alto,Sí,4250,Aclimatación previa,Trekking,Nature Colors,Alto,No,No
27,España,Español,Medio,5,Aventura,No,No,No,Sí,Sí,Sí,Sí,Valle Rojo,Ollantaytambo,Medio,Sí,4050,Hidratación constante,Bus,Cultural Adventure,Medio,No,Sí
42,Brasil,Portugués,Alto,8,Fotografía,No,No,No,Sí,Sí,Sí,Sí,Valle Rojo,Camino Inca,Alto,Sí,4300,Ropa adecuada,Trekking,Red Valley Premium,Alto,No,No
26,Turquía,Turco,Medio,6,Cultural,No,No,Sí,Sí,Sí,Sí,Sí,Valle Rojo,Pisac,Medio,Sí,4000,Llevar medicamentos,Bus + Caminata,Andes Tour,Medio,Sí,Sí
38,India,Inglés,Alto,9,Aventura,No,No,No,Sí,Sí,Sí,Sí,Valle Rojo,Maras,Alto,Sí,4250,Usar ropa ligera,Trekking,High Andes Trek,Alto,No,No
22,Bolivia,Español,Económico,3,Mochilero,No,No,No,Sí,Sí,No,Sí,Valle Rojo,Plaza de Armas,Bajo,Sí,3800,Hidratación adecuada,Bus,Backpacker Peru,Medio,No,Sí
41,Bélgica,Francés,Alto,8,Fotografía,No,No,No,Sí,Sí,Sí,Sí,Valle Rojo,Qorikancha,Medio,Sí,4000,Control médico,Bus,Cultural Andes,Medio,Sí,No
26,Perú,Español,Medio,5,Aventura,No,No,No,Sí,Sí,No,Sí,Nevado Salkantay,Laguna Humantay,Alto,Sí,4600,Aclimatación previa,Bus,Trekking,Alto,No,No
34,Argentina,Español,Alto,7,Naturaleza,No,No,No,Sí,Sí,No,Sí,Nevado Salkantay,Soraypampa,Alto,Sí,4600,Hidratación adecuada,Caminata,Premium Trek,Alto,No,No
22,Chile,Español,Económico,4,Mochilero,No,No,No,No,Sí,No,Sí,Nevado Salkantay,Humantay,Alto,Sí,4500,Consumir líquidos,Bus,Backpacker,Alto,No,No
41,Estados Unidos,Inglés,Alto,8,Fotografía,No,No,No,Sí,Sí,Sí,Sí,Nevado Salkantay,Laguna Humantay,Alto,Sí,4600,Descanso previo,Auto,Photo Trek,Alto,No,No
29,Brasil,Portugués,Medio,6,Aventura,No,No,No,Sí,Sí,No,Sí,Nevado Salkantay,Salkantay Trek,Alto,Sí,4600,Evitar alcohol,Bus,Trekking,Alto,No,No
37,Canadá,Inglés,Alto,9,Naturaleza,Sí,No,No,Sí,Sí,Sí,Sí,Nevado Salkantay,Valle Sagrado,Medio,Sí,4200,Consulta médica,Auto,Tour Natural,Medio,Sí,Sí
24,México,Español,Económico,3,Mochilero,No,No,No,No,Sí,No,Sí,Nevado Salkantay,Mollepata,Alto,Sí,4500,Hidratación constante,Bus,Backpacker,Alto,No,No
32,Francia,Francés,Alto,7,Fotografía,No,No,Sí,Sí,Sí,Sí,Sí,Nevado Salkantay,Humantay,Alto,Sí,4600,Aclimatación obligatoria,Bus,Photo Tour,Alto,No,No
28,Colombia,Español,Medio,5,Aventura,No,No,No,Sí,Sí,No,Sí,Nevado Salkantay,Soraypampa,Alto,Sí,4500,Consumir mate de coca,Bus,Trekking,Alto,No,No
45,Japón,Japonés,Alto,10,Relajación,Sí,Sí,No,Sí,Sí,Sí,Sí,Nevado Salkantay,Valle Sagrado,Bajo,No,3500,Descanso constante,Auto,Tour Relax,Bajo,Sí,Sí
23,Bolivia,Español,Económico,4,Mochilero,No,No,No,No,Sí,No,Sí,Nevado Salkantay,Mollepata,Alto,Sí,4500,Consumir líquidos,Bus,Backpacker,Alto,No,No
39,Italia,Italiano,Alto,8,Fotografía,No,No,No,Sí,Sí,Sí,Sí,Nevado Salkantay,Humantay,Alto,Sí,4600,Usar bloqueador,Bus,Photo Trek,Alto,No,No
31,Alemania,Alemán,Alto,7,Naturaleza,No,No,No,Sí,Sí,No,Sí,Nevado Salkantay,Laguna Humantay,Alto,Sí,4600,Hidratación adecuada,Caminata,Trekking,Alto,No,No
21,Perú,Español,Económico,3,Aventura,No,No,No,No,Sí,No,Sí,Nevado Salkantay,Salkantay Trek,Alto,Sí,4500,Aclimatación previa,Bus,Full Day,Alto,No,No
43,Reino Unido,Inglés,Alto,9,Fotografía,No,No,No,Sí,Sí,Sí,Sí,Nevado Salkantay,Soraypampa,Alto,Sí,4600,Descanso previo,Bus,Premium Trek,Alto,No,No
27,Uruguay,Español,Medio,5,Naturaleza,No,No,No,Sí,Sí,No,Sí,Nevado Salkantay,Humantay,Alto,Sí,4500,Consumir líquidos,Bus,Tour Natural,Alto,No,No
35,Australia,Inglés,Alto,8,Aventura,No,No,No,Sí,Sí,No,Sí,Nevado Salkantay,Salkantay Trek,Alto,Sí,4600,Evitar alcohol,Caminata,Adventure Tour,Alto,No,No
25,Ecuador,Español,Económico,4,Mochilero,No,No,No,No,Sí,No,Sí,Nevado Salkantay,Mollepata,Alto,Sí,4500,Consumir mate de coca,Bus,Backpacker,Alto,No,No
42,Corea del Sur,Coreano,Alto,9,Fotografía,No,No,No,Sí,Sí,Sí,Sí,Nevado Salkantay,Laguna Humantay,Alto,Sí,4600,Aclimatación obligatoria,Bus,Photo Tour,Alto,No,No
30,Paraguay,Español,Medio,6,Naturaleza,No,No,No,Sí,Sí,No,Sí,Nevado Salkantay,Soraypampa,Alto,Sí,4500,Hidratación adecuada,Bus,Tour Natural,Alto,No,No
38,Portugal,Portugués,Alto,7,Aventura,No,No,No,Sí,Sí,No,Sí,Nevado Salkantay,Humantay,Alto,Sí,4600,Descanso previo,Caminata,Trekking,Alto,No,No
22,Venezuela,Español,Económico,3,Mochilero,No,No,No,No,Sí,No,Sí,Nevado Salkantay,Mollepata,Alto,Sí,4500,Hidratación constante,Bus,Backpacker,Alto,No,No
40,China,Chino,Alto,9,Fotografía,No,No,No,Sí,Sí,Sí,Sí,Nevado Salkantay,Soraypampa,Alto,Sí,4600,Usar protector solar,Bus,Premium Tour,Alto,No,No
29,Costa Rica,Español,Medio,5,Naturaleza,No,No,No,Sí,Sí,No,Sí,Nevado Salkantay,Humantay,Alto,Sí,4500,Consumir líquidos,Bus,Full Day,Alto,No,No
27,Suiza,Alemán,Alto,7,Fotografía,No,No,No,Sí,Sí,Sí,Sí,Nevado Salkantay,Laguna Humantay,Alto,Sí,4600,Aclimatación obligatoria,Bus,Photo Trek,Alto,No,No
36,Perú,Español,Medio,5,Naturaleza,No,No,No,Sí,Sí,No,Sí,Nevado Salkantay,Salkantay Trek,Alto,Sí,4500,Evitar alcohol,Bus,Tour Natural,Alto,No,No
43,Estados Unidos,Inglés,Alto,8,Fotografía,Sí,No,No,Sí,Sí,Sí,Sí,Nevado Salkantay,Humantay,Medio,Sí,4200,Consulta médica,Auto,Premium Tour,Medio,Sí,Sí
20,Chile,Español,Económico,2,Aventura,No,No,No,No,Sí,No,Sí,Nevado Salkantay,Mollepata,Alto,Sí,4500,Consumir líquidos,Bus,Backpacker,Alto,No,No
47,Francia,Francés,Alto,10,Relajación,Sí,Sí,No,Sí,Sí,Sí,Sí,Nevado Salkantay,Valle Sagrado,Bajo,No,3500,Descanso constante,Auto,Tour Relax,Bajo,Sí,Sí
33,México,Español,Medio,6,Cultural,No,No,No,Sí,Sí,Sí,Sí,Nevado Salkantay,Soraypampa,Medio,Sí,4000,Usar bloqueador,Bus,Tour Cultural,Medio,Sí,Sí
28,Perú,Español,Medio,4,Aventura,No,No,No,Sí,Sí,No,Sí,Nevado Salkantay,Laguna Humantay,Alto,Sí,4500,Hidratación adecuada,Bus,Trekking,Alto,No,No
31,Argentina,Español,Alto,7,Fotografía,No,No,No,Sí,Sí,Sí,Sí,Nevado Salkantay,Humantay,Alto,Sí,4600,Descanso previo,Bus,Photo Trek,Alto,No,No
24,Brasil,Portugués,Económico,3,Mochilero,No,No,No,No,Sí,No,Sí,Nevado Salkantay,Mollepata,Alto,Sí,4500,Consumir mate de coca,Bus,Backpacker,Alto,No,No
35,Canadá,Inglés,Alto,8,Naturaleza,Sí,No,No,Sí,Sí,Sí,Sí,Nevado Salkantay,Salkantay Trek,Medio,Sí,4200,Consulta médica,Auto,Tour Natural,Medio,Sí,Sí
29,Italia,Italiano,Medio,5,Aventura,No,No,No,Sí,Sí,No,Sí,Nevado Salkantay,Soraypampa,Alto,Sí,4500,Evitar alcohol,Bus,Trekking,Alto,No,No
26,Colombia,Español,Medio,4,Naturaleza,No,No,No,Sí,Sí,No,Sí,Nevado Salkantay,Laguna Humantay,Alto,Sí,4500,Hidratación constante,Bus,Tour Natural,Alto,No,No
32,Australia,Inglés,Alto,7,Fotografía,No,No,No,Sí,Sí,Sí,Sí,Nevado Salkantay,Humantay,Alto,Sí,4600,Aclimatación obligatoria,Caminata,Photo Tour,Alto,No,No
23,Bolivia,Español,Económico,3,Mochilero,No,No,No,No,Sí,No,Sí,Nevado Salkantay,Mollepata,Alto,Sí,4500,Consumir líquidos,Bus,Backpacker,Alto,No,No
44,Japón,Japonés,Alto,9,Relajación,Sí,Sí,No,Sí,Sí,Sí,Sí,Nevado Salkantay,Valle Sagrado,Bajo,No,3500,Descanso constante,Auto,Tour Relax,Bajo,Sí,Sí
25,Chile,Español,Medio,5,Aventura,No,No,No,Sí,Sí,No,Sí,Nevado Salkantay,Salkantay Trek,Alto,Sí,4500,Consumir mate de coca,Bus,Adventure Tour,Alto,No,No
30,Francia,Francés,Alto,8,Fotografía,No,No,Sí,Sí,Sí,Sí,Sí,Nevado Salkantay,Laguna Humantay,Alto,Sí,4600,Usar protector solar,Bus,Photo Trek,Alto,No,No
27,España,Español,Medio,4,Naturaleza,No,No,No,Sí,Sí,No,Sí,Nevado Salkantay,Humantay,Alto,Sí,4500,Hidratación adecuada,Bus,Tour Natural,Alto,No,No
34,Estados Unidos,Inglés,Alto,7,Aventura,No,No,No,Sí,Sí,No,Sí,Nevado Salkantay,Soraypampa,Alto,Sí,4600,Descanso previo,Caminata,Trekking,Alto,No,No
21,Perú,Español,Económico,2,Mochilero,No,No,No,No,Sí,No,Sí,Nevado Salkantay,Mollepata,Alto,Sí,4500,Consumir líquidos,Bus,Backpacker,Alto,No,No
39,Alemania,Alemán,Alto,8,Fotografía,No,No,No,Sí,Sí,Sí,Sí,Nevado Salkantay,Laguna Humantay,Alto,Sí,4600,Aclimatación obligatoria,Bus,Photo Tour,Alto,No,No
28,México,Español,Medio,5,Cultural,No,No,No,Sí,Sí,Sí,Sí,Nevado Salkantay,Humantay,Medio,Sí,4000,Usar bloqueador,Bus,Tour Cultural,Medio,Sí,Sí
42,Reino Unido,Inglés,Alto,9,Naturaleza,Sí,No,No,Sí,Sí,Sí,Sí,Nevado Salkantay,Valle Sagrado,Medio,Sí,4200,Consulta médica,Auto,Premium Tour,Medio,Sí,Sí
24,Ecuador,Español,Económico,3,Aventura,No,No,No,No,Sí,No,Sí,Nevado Salkantay,Salkantay Trek,Alto,Sí,4500,Consumir mate de coca,Bus,Backpacker,Alto,No,No
31,Portugal,Portugués,Alto,7,Fotografía,No,No,No,Sí,Sí,Sí,Sí,Nevado Salkantay,Laguna Humantay,Alto,Sí,4600,Hidratación adecuada,Bus,Photo Trek,Alto,No,No
28,Perú,Español,Medio,4,Naturaleza,No,No,No,Sí,Sí,No,Sí,Bosque de Piedras de Huasao,Laguna Piuray,Bajo,Sí,3600,Hidratación adecuada,Bus,Tour Natural,Bajo,Sí,Sí
35,Estados Unidos,Inglés,Alto,7,Fotografía,No,No,Sí,Sí,Sí,Sí,Sí,Bosque de Piedras de Huasao,Moray,Medio,Sí,3700,Aclimatación previa,Bus + Caminata,Photo Adventure,Medio,Sí,Sí
24,Argentina,Español,Económico,3,Mochilero,No,No,No,Sí,Sí,No,Sí,Bosque de Piedras de Huasao,San Blas,Bajo,No,3500,Consumir líquidos,Bus,Backpacker Cusco,Bajo,Sí,Sí
42,Canadá,Inglés,Alto,8,Naturaleza,No,No,No,Sí,Sí,Sí,Sí,Bosque de Piedras de Huasao,Laguna Humantay,Medio,Sí,3800,Descanso previo,Bus + Trek,Andes Nature,Medio,Sí,No
31,Brasil,Portugués,Medio,5,Fotografía,No,No,Sí,Sí,Sí,Sí,Sí,Bosque de Piedras de Huasao,Valle Sagrado,Medio,Sí,3650,Hidratación constante,Bus,Ruta Fotográfica,Medio,Sí,Sí
38,Alemania,Alemán,Alto,9,Aventura,No,No,No,Sí,Sí,Sí,Sí,Bosque de Piedras de Huasao,Nevado Salkantay,Alto,Sí,3900,Preparación física,Trekking,Adventure Peru,Alto,No,No
22,Chile,Español,Económico,4,Naturaleza,No,No,No,Sí,Sí,No,Sí,Bosque de Piedras de Huasao,Pisac,Bajo,Sí,3500,Consumir mate de coca,Bus,Cusco Explorer,Bajo,Sí,Sí
33,Francia,Francés,Alto,7,Fotografía,No,No,Sí,Sí,Sí,Sí,Sí,Bosque de Piedras de Huasao,Montaña de 7 Colores,Medio,Sí,3750,Usar ropa térmica,Bus + Caminata,Colors Tour,Medio,Sí,No
27,México,Español,Medio,5,Cultural,No,No,No,Sí,Sí,Sí,Sí,Bosque de Piedras de Huasao,Qorikancha,Bajo,Sí,3600,Descanso moderado,Bus,Tour Cultural,Bajo,Sí,Sí
46,Reino Unido,Inglés,Alto,10,Fotografía,No,No,Sí,Sí,Sí,Sí,Sí,Bosque de Piedras de Huasao,Camino Inca,Medio,Sí,3800,Aclimatación recomendada,Trekking,Andes Premium,Medio,Sí,No
21,Colombia,Español,Económico,3,Mochilero,No,No,No,Sí,Sí,No,Sí,Bosque de Piedras de Huasao,Plaza de Armas,Bajo,No,3400,Hidratación básica,Bus,Ruta Económica,Bajo,Sí,Sí
39,Japón,Japonés,Alto,8,Fotografía,No,No,Sí,Sí,Sí,Sí,Sí,Bosque de Piedras de Huasao,Machu Picchu,Medio,Sí,3750,Llevar snacks energéticos,Bus + Trek,Photo Nature,Medio,Sí,No
29,España,Español,Medio,6,Naturaleza,No,No,No,Sí,Sí,Sí,Sí,Bosque de Piedras de Huasao,Maras,Bajo,Sí,3600,Hidratación constante,Bus,Ruta Cusco,Bajo,Sí,Sí
37,China,Chino,Alto,9,Fotografía,No,No,No,Sí,Sí,Sí,Sí,Bosque de Piedras de Huasao,Laguna Humantay,Medio,Sí,3800,Aclimatación previa,Bus + Trek,Andes Explorer,Medio,Sí,No
25,Perú,Español,Económico,4,Aventura,No,No,No,Sí,Sí,No,Sí,Bosque de Piedras de Huasao,Sacsayhuamán,Bajo,Sí,3500,Consumir agua,Bus,Tour Económico,Bajo,Sí,Sí
43,Italia,Italiano,Alto,8,Cultural,No,No,Sí,Sí,Sí,Sí,Sí,Bosque de Piedras de Huasao,Choquequirao,Medio,Sí,3700,Descansar antes del viaje,Bus + Trek,Heritage Tour,Medio,Sí,No
30,Corea del Sur,Coreano,Alto,7,Fotografía,No,No,No,Sí,Sí,Sí,Sí,Bosque de Piedras de Huasao,Moray,Medio,Sí,3650,Hidratación continua,Bus + Caminata,Photo Trek,Medio,Sí,Sí
23,Bolivia,Español,Económico,3,Mochilero,No,No,No,Sí,Sí,No,Sí,Bosque de Piedras de Huasao,Centro Histórico,Bajo,No,3400,Descansar correctamente,Bus,Backpacker Andes,Bajo,Sí,Sí
45,Suiza,Alemán,Alto,11,Aventura,No,No,Sí,Sí,Sí,Sí,Sí,Bosque de Piedras de Huasao,Nevado Salkantay,Alto,Sí,3900,Preparación física,Trekking,High Andes Trek,Alto,No,No
28,Ecuador,Español,Medio,5,Cultural,No,No,No,Sí,Sí,Sí,Sí,Bosque de Piedras de Huasao,Tambomachay,Bajo,Sí,3550,Evitar comidas pesadas,Bus,Tour Cultural,Bajo,Sí,Sí
34,Países Bajos,Inglés,Alto,7,Fotografía,No,No,No,Sí,Sí,Sí,Sí,Bosque de Piedras de Huasao,Laguna Piuray,Medio,Sí,3700,Hidratación y descanso,Bus + Trek,Valley Adventure,Medio,Sí,No
24,Venezuela,Español,Económico,4,Aventura,No,No,Sí,Sí,Sí,No,Sí,Bosque de Piedras de Huasao,San Blas,Bajo,Sí,3500,Consumir líquidos,Bus,Cusco Nature,Bajo,Sí,Sí
47,Noruega,Inglés,Alto,10,Fotografía,No,No,No,Sí,Sí,Sí,Sí,Bosque de Piedras de Huasao,Camino Inca,Medio,Sí,3850,Aclimatación obligatoria,Trekking,Premium Andes,Medio,Sí,No
29,Portugal,Portugués,Medio,5,Cultural,No,No,No,Sí,Sí,Sí,Sí,Bosque de Piedras de Huasao,Valle Sagrado,Bajo,Sí,3600,Evitar alcohol,Bus,Andean Route,Bajo,Sí,Sí
32,Israel,Hebreo,Alto,8,Aventura,No,No,Sí,Sí,Sí,Sí,Sí,Bosque de Piedras de Huasao,Laguna Humantay,Medio,Sí,3750,Descanso previo,Trekking,Adventure Andes,Medio,Sí,No
25,Uruguay,Español,Económico,3,Mochilero,No,No,No,Sí,Sí,No,Sí,Bosque de Piedras de Huasao,Sacsayhuamán,Bajo,No,3400,Hidratación básica,Bus,Tour Backpacker,Bajo,Sí,Sí
41,Irlanda,Inglés,Alto,9,Fotografía,No,No,No,Sí,Sí,Sí,Sí,Bosque de Piedras de Huasao,Salkantay Trek,Medio,Sí,3800,Consumir agua frecuentemente,Trekking,Andes Trekking,Medio,Sí,No
27,Sudáfrica,Inglés,Medio,6,Aventura,No,No,No,Sí,Sí,Sí,Sí,Bosque de Piedras de Huasao,Ollantaytambo,Medio,Sí,3650,Usar bloqueador solar,Bus + Trek,Cusco Adventure,Medio,Sí,Sí
33,Filipinas,Inglés,Medio,5,Cultural,No,No,Sí,Sí,Sí,Sí,Sí,Bosque de Piedras de Huasao,Moray,Bajo,Sí,3600,Medicamentos básicos,Bus,Andes Culture,Bajo,Sí,Sí
30,Marruecos,Árabe,Económico,4,Mochilero,No,No,No,Sí,Sí,No,Sí,Bosque de Piedras de Huasao,Catedral Cusco,Bajo,No,3450,Descanso moderado,Bus,Budget Andes,Bajo,Sí,Sí
44,Suecia,Inglés,Alto,11,Fotografía,No,No,No,Sí,Sí,Sí,Sí,Bosque de Piedras de Huasao,Nevado Salkantay,Alto,Sí,3900,Aclimatación y descanso,Trekking,Extreme Andes,Alto,No,No
28,Indonesia,Indonesio,Medio,6,Aventura,No,No,Sí,Sí,Sí,Sí,Sí,Bosque de Piedras de Huasao,Tambomachay,Medio,Sí,3700,Hidratación permanente,Bus + Trek,Peru Adventure,Medio,Sí,No
39,Dinamarca,Inglés,Alto,9,Fotografía,No,No,No,Sí,Sí,Sí,Sí,Bosque de Piedras de Huasao,Camino Inca,Medio,Sí,3800,Preparación física,Trekking,Colors Trek,Medio,Sí,No
22,Paraguay,Español,Económico,3,Cultural,No,No,No,Sí,Sí,No,Sí,Bosque de Piedras de Huasao,Centro Histórico,Bajo,No,3400,Consumir agua,Bus,Tour Histórico,Bajo,Sí,Sí
46,Austria,Alemán,Alto,10,Fotografía,Sí,No,Sí,Sí,Sí,Sí,Sí,Bosque de Piedras de Huasao,Qorikancha,Medio,Sí,3600,Consulta médica,Bus,Cultural Premium,Medio,Sí,No
31,Costa Rica,Español,Medio,6,Aventura,No,No,No,Sí,Sí,Sí,Sí,Bosque de Piedras de Huasao,Pisac,Medio,Sí,3650,Hidratación adecuada,Bus + Trek,Rainbow Valley,Medio,Sí,Sí
26,Nueva Zelanda,Inglés,Alto,8,Fotografía,No,No,No,Sí,Sí,Sí,Sí,Bosque de Piedras de Huasao,Laguna Humantay,Medio,Sí,3750,Ropa térmica,Trekking,Andes Adventure,Medio,Sí,No
37,Rusia,Ruso,Alto,9,Aventura,No,No,Sí,Sí,Sí,Sí,Sí,Bosque de Piedras de Huasao,Montaña de 7 Colores,Medio,Sí,3800,Aclimatación previa,Trekking,Red Valley Trek,Medio,Sí,No
29,Perú,Español,Medio,5,Cultural,No,No,No,Sí,Sí,Sí,Sí,Bosque de Piedras de Huasao,Valle Sagrado,Bajo,Sí,3550,Consumir mate de coca,Bus,Ruta Imperial,Bajo,Sí,Sí
35,Finlandia,Inglés,Alto,8,Fotografía,No,No,Sí,Sí,Sí,Sí,Sí,Bosque de Piedras de Huasao,Maras,Medio,Sí,3700,Hidratación continua,Trekking,Andes Full Trek,Medio,Sí,No
21,Perú,Español,Económico,3,Mochilero,No,No,No,Sí,Sí,No,Sí,Bosque de Piedras de Huasao,San Pedro,Bajo,No,3400,Descanso adecuado,Bus,Cusco Backpacker,Bajo,Sí,Sí
48,Hungría,Húngaro,Alto,11,Cultural,Sí,No,No,Sí,Sí,Sí,Sí,Bosque de Piedras de Huasao,Qenqo,Medio,Sí,3600,Control médico,Bus,Andes Heritage,Medio,Sí,No
30,Tailandia,Tailandés,Medio,6,Aventura,No,No,Sí,Sí,Sí,Sí,Sí,Bosque de Piedras de Huasao,Puca Pucara,Medio,Sí,3700,Hidratación y descanso,Bus + Trek,Adventure Route,Medio,Sí,No
36,Estados Unidos,Inglés,Alto,10,Fotografía,No,No,No,Sí,Sí,Sí,Sí,Bosque de Piedras de Huasao,Salkantay Trek,Medio,Sí,3850,Preparación física,Trekking,Peru Extreme,Medio,Sí,No
25,Perú,Español,Económico,4,Cultural,No,No,No,Sí,Sí,No,Sí,Bosque de Piedras de Huasao,Plaza de Armas,Bajo,No,3450,Consumir líquidos,Bus,Cusco Classic,Bajo,Sí,Sí
40,Canadá,Inglés,Alto,9,Fotografía,No,No,Sí,Sí,Sí,Sí,Sí,Bosque de Piedras de Huasao,Laguna Piuray,Medio,Sí,3750,Aclimatación previa,Trekking,Nature Colors,Medio,Sí,No
28,España,Español,Medio,5,Aventura,No,No,No,Sí,Sí,Sí,Sí,Bosque de Piedras de Huasao,Ollantaytambo,Medio,Sí,3600,Hidratación constante,Bus,Cultural Adventure,Medio,Sí,Sí
43,Brasil,Portugués,Alto,8,Fotografía,No,No,No,Sí,Sí,Sí,Sí,Bosque de Piedras de Huasao,Camino Inca,Medio,Sí,3800,Ropa adecuada,Trekking,Red Valley Premium,Medio,Sí,No
27,Turquía,Turco,Medio,6,Cultural,No,No,Sí,Sí,Sí,Sí,Sí,Bosque de Piedras de Huasao,Pisac,Bajo,Sí,3550,Llevar medicamentos,Bus + Caminata,Andes Tour,Bajo,Sí,Sí
39,India,Inglés,Alto,9,Aventura,No,No,No,Sí,Sí,Sí,Sí,Bosque de Piedras de Huasao,Maras,Medio,Sí,3750,Usar ropa ligera,Trekking,High Andes Trek,Medio,Sí,No
23,Bolivia,Español,Económico,3,Mochilero,No,No,No,Sí,Sí,No,Sí,Bosque de Piedras de Huasao,Plaza de Armas,Bajo,No,3400,Hidratación adecuada,Bus,Backpacker Peru,Bajo,Sí,Sí
42,Bélgica,Francés,Alto,8,Fotografía,No,No,No,Sí,Sí,Sí,Sí,Bosque de Piedras de Huasao,Qorikancha,Medio,Sí,3650,Control médico,Bus,Cultural Andes,Medio,Sí,No
27,Perú,Español,Medio,4,Naturaleza,No,No,No,Sí,Sí,No,Sí,Laguna Piuray,Chinchero,Bajo,Sí,3500,Hidratación adecuada,Bus,Tour Natural,Bajo,Sí,Sí
35,Estados Unidos,Inglés,Alto,7,Fotografía,No,No,Sí,Sí,Sí,Sí,Sí,Laguna Piuray,Moray,Medio,Sí,3600,Aclimatación previa,Bus + Caminata,Photo Adventure,Medio,Sí,Sí
24,Argentina,Español,Económico,3,Mochilero,No,No,No,Sí,Sí,No,Sí,Laguna Piuray,San Blas,Bajo,No,3400,Consumir líquidos,Bus,Backpacker Cusco,Bajo,Sí,Sí
41,Canadá,Inglés,Alto,8,Naturaleza,No,No,No,Sí,Sí,Sí,Sí,Laguna Piuray,Laguna Humantay,Medio,Sí,3700,Descanso previo,Bus + Trek,Andes Nature,Medio,Sí,No
30,Brasil,Portugués,Medio,5,Fotografía,No,No,Sí,Sí,Sí,Sí,Sí,Laguna Piuray,Valle Sagrado,Medio,Sí,3550,Hidratación constante,Bus,Ruta Fotográfica,Medio,Sí,Sí
38,Alemania,Alemán,Alto,9,Aventura,No,No,No,Sí,Sí,Sí,Sí,Laguna Piuray,Nevado Salkantay,Alto,Sí,3900,Preparación física,Trekking,Adventure Peru,Alto,No,No
22,Chile,Español,Económico,4,Naturaleza,No,No,No,Sí,Sí,No,Sí,Laguna Piuray,Pisac,Bajo,Sí,3400,Consumir mate de coca,Bus,Cusco Explorer,Bajo,Sí,Sí
33,Francia,Francés,Alto,7,Fotografía,No,No,Sí,Sí,Sí,Sí,Sí,Laguna Piuray,Montaña de 7 Colores,Medio,Sí,3650,Usar ropa térmica,Bus + Caminata,Colors Tour,Medio,Sí,No
28,México,Español,Medio,5,Cultural,No,No,No,Sí,Sí,Sí,Sí,Laguna Piuray,Qorikancha,Bajo,Sí,3500,Descanso moderado,Bus,Tour Cultural,Bajo,Sí,Sí
46,Reino Unido,Inglés,Alto,10,Fotografía,No,No,Sí,Sí,Sí,Sí,Sí,Laguna Piuray,Camino Inca,Medio,Sí,3800,Aclimatación recomendada,Trekking,Andes Premium,Medio,Sí,No
21,Colombia,Español,Económico,3,Mochilero,No,No,No,Sí,Sí,No,Sí,Laguna Piuray,Plaza de Armas,Bajo,No,3300,Hidratación básica,Bus,Ruta Económica,Bajo,Sí,Sí
39,Japón,Japonés,Alto,8,Fotografía,No,No,Sí,Sí,Sí,Sí,Sí,Laguna Piuray,Machu Picchu,Medio,Sí,3700,Llevar snacks energéticos,Bus + Trek,Photo Nature,Medio,Sí,No
29,España,Español,Medio,6,Naturaleza,No,No,No,Sí,Sí,Sí,Sí,Laguna Piuray,Maras,Bajo,Sí,3500,Hidratación constante,Bus,Ruta Cusco,Bajo,Sí,Sí
37,China,Chino,Alto,9,Fotografía,No,No,No,Sí,Sí,Sí,Sí,Laguna Piuray,Laguna Humantay,Medio,Sí,3800,Aclimatación previa,Bus + Trek,Andes Explorer,Medio,Sí,No
25,Perú,Español,Económico,4,Aventura,No,No,No,Sí,Sí,No,Sí,Laguna Piuray,Sacsayhuamán,Bajo,Sí,3400,Consumir agua,Bus,Tour Económico,Bajo,Sí,Sí
43,Italia,Italiano,Alto,8,Cultural,No,No,Sí,Sí,Sí,Sí,Sí,Laguna Piuray,Choquequirao,Medio,Sí,3600,Descansar antes del viaje,Bus + Trek,Heritage Tour,Medio,Sí,No
31,Corea del Sur,Coreano,Alto,7,Fotografía,No,No,No,Sí,Sí,Sí,Sí,Laguna Piuray,Moray,Medio,Sí,3550,Hidratación continua,Bus + Caminata,Photo Trek,Medio,Sí,Sí
23,Bolivia,Español,Económico,3,Mochilero,No,No,No,Sí,Sí,No,Sí,Laguna Piuray,Centro Histórico,Bajo,No,3300,Descansar correctamente,Bus,Backpacker Andes,Bajo,Sí,Sí
45,Suiza,Alemán,Alto,11,Aventura,No,No,Sí,Sí,Sí,Sí,Sí,Laguna Piuray,Nevado Salkantay,Alto,Sí,3900,Preparación física,Trekking,High Andes Trek,Alto,No,No
28,Ecuador,Español,Medio,5,Cultural,No,No,No,Sí,Sí,Sí,Sí,Laguna Piuray,Tambomachay,Bajo,Sí,3450,Evitar comidas pesadas,Bus,Tour Cultural,Bajo,Sí,Sí
34,Países Bajos,Inglés,Alto,7,Fotografía,No,No,No,Sí,Sí,Sí,Sí,Laguna Piuray,Valle Rojo,Medio,Sí,3650,Hidratación y descanso,Bus + Trek,Valley Adventure,Medio,Sí,No
24,Venezuela,Español,Económico,4,Aventura,No,No,Sí,Sí,Sí,No,Sí,Laguna Piuray,San Blas,Bajo,Sí,3400,Consumir líquidos,Bus,Cusco Nature,Bajo,Sí,Sí
47,Noruega,Inglés,Alto,10,Fotografía,No,No,No,Sí,Sí,Sí,Sí,Laguna Piuray,Camino Inca,Medio,Sí,3800,Aclimatación obligatoria,Trekking,Premium Andes,Medio,Sí,No
29,Portugal,Portugués,Medio,5,Cultural,No,No,No,Sí,Sí,Sí,Sí,Laguna Piuray,Valle Sagrado,Bajo,Sí,3500,Evitar alcohol,Bus,Andean Route,Bajo,Sí,Sí
32,Israel,Hebreo,Alto,8,Aventura,No,No,Sí,Sí,Sí,Sí,Sí,Laguna Piuray,Laguna Humantay,Medio,Sí,3700,Descanso previo,Trekking,Adventure Andes,Medio,Sí,No
25,Uruguay,Español,Económico,3,Mochilero,No,No,No,Sí,Sí,No,Sí,Laguna Piuray,Sacsayhuamán,Bajo,No,3300,Hidratación básica,Bus,Tour Backpacker,Bajo,Sí,Sí
41,Irlanda,Inglés,Alto,9,Fotografía,No,No,No,Sí,Sí,Sí,Sí,Laguna Piuray,Salkantay Trek,Medio,Sí,3800,Consumir agua frecuentemente,Trekking,Andes Trekking,Medio,Sí,No
27,Sudáfrica,Inglés,Medio,6,Aventura,No,No,No,Sí,Sí,Sí,Sí,Laguna Piuray,Ollantaytambo,Medio,Sí,3550,Usar bloqueador solar,Bus + Trek,Cusco Adventure,Medio,Sí,Sí
33,Filipinas,Inglés,Medio,5,Cultural,No,No,Sí,Sí,Sí,Sí,Sí,Laguna Piuray,Moray,Bajo,Sí,3500,Medicamentos básicos,Bus,Andes Culture,Bajo,Sí,Sí
30,Marruecos,Árabe,Económico,4,Mochilero,No,No,No,Sí,Sí,No,Sí,Laguna Piuray,Catedral Cusco,Bajo,No,3350,Descanso moderado,Bus,Budget Andes,Bajo,Sí,Sí
44,Suecia,Inglés,Alto,11,Fotografía,No,No,No,Sí,Sí,Sí,Sí,Laguna Piuray,Nevado Salkantay,Alto,Sí,3900,Aclimatación y descanso,Trekking,Extreme Andes,Alto,No,No
28,Indonesia,Indonesio,Medio,6,Aventura,No,No,Sí,Sí,Sí,Sí,Sí,Laguna Piuray,Tambomachay,Medio,Sí,3600,Hidratación permanente,Bus + Trek,Peru Adventure,Medio,Sí,No
39,Dinamarca,Inglés,Alto,9,Fotografía,No,No,No,Sí,Sí,Sí,Sí,Laguna Piuray,Camino Inca,Medio,Sí,3800,Preparación física,Trekking,Colors Trek,Medio,Sí,No
22,Paraguay,Español,Económico,3,Cultural,No,No,No,Sí,Sí,No,Sí,Laguna Piuray,Centro Histórico,Bajo,No,3300,Consumir agua,Bus,Tour Histórico,Bajo,Sí,Sí
46,Austria,Alemán,Alto,10,Fotografía,Sí,No,Sí,Sí,Sí,Sí,Sí,Laguna Piuray,Qorikancha,Medio,Sí,3500,Consulta médica,Bus,Cultural Premium,Medio,Sí,No
31,Costa Rica,Español,Medio,6,Aventura,No,No,No,Sí,Sí,Sí,Sí,Laguna Piuray,Pisac,Medio,Sí,3550,Hidratación adecuada,Bus + Trek,Rainbow Valley,Medio,Sí,Sí
26,Nueva Zelanda,Inglés,Alto,8,Fotografía,No,No,No,Sí,Sí,Sí,Sí,Laguna Piuray,Laguna Humantay,Medio,Sí,3700,Ropa térmica,Trekking,Andes Adventure,Medio,Sí,No
37,Rusia,Ruso,Alto,9,Aventura,No,No,Sí,Sí,Sí,Sí,Sí,Laguna Piuray,Montaña de 7 Colores,Medio,Sí,3800,Aclimatación previa,Trekking,Red Valley Trek,Medio,Sí,No
29,Perú,Español,Medio,5,Cultural,No,No,No,Sí,Sí,Sí,Sí,Laguna Piuray,Valle Sagrado,Bajo,Sí,3450,Consumir mate de coca,Bus,Ruta Imperial,Bajo,Sí,Sí
35,Finlandia,Inglés,Alto,8,Fotografía,No,No,Sí,Sí,Sí,Sí,Sí,Laguna Piuray,Maras,Medio,Sí,3600,Hidratación continua,Trekking,Andes Full Trek,Medio,Sí,No
21,Perú,Español,Económico,3,Mochilero,No,No,No,Sí,Sí,No,Sí,Laguna Piuray,San Pedro,Bajo,No,3300,Descanso adecuado,Bus,Cusco Backpacker,Bajo,Sí,Sí
48,Hungría,Húngaro,Alto,11,Cultural,Sí,No,No,Sí,Sí,Sí,Sí,Laguna Piuray,Qenqo,Medio,Sí,3500,Control médico,Bus,Andes Heritage,Medio,Sí,No
30,Tailandia,Tailandés,Medio,6,Aventura,No,No,Sí,Sí,Sí,Sí,Sí,Laguna Piuray,Puca Pucara,Medio,Sí,3600,Hidratación y descanso,Bus + Trek,Adventure Route,Medio,Sí,No
36,Estados Unidos,Inglés,Alto,10,Fotografía,No,No,No,Sí,Sí,Sí,Sí,Laguna Piuray,Salkantay Trek,Medio,Sí,3800,Preparación física,Trekking,Peru Extreme,Medio,Sí,No
25,Perú,Español,Económico,4,Cultural,No,No,No,Sí,Sí,No,Sí,Laguna Piuray,Plaza de Armas,Bajo,No,3350,Consumir líquidos,Bus,Cusco Classic,Bajo,Sí,Sí
40,Canadá,Inglés,Alto,9,Fotografía,No,No,Sí,Sí,Sí,Sí,Sí,Laguna Piuray,Valle Rojo,Medio,Sí,3700,Aclimatación previa,Trekking,Nature Colors,Medio,Sí,No
28,España,Español,Medio,5,Aventura,No,No,No,Sí,Sí,Sí,Sí,Laguna Piuray,Ollantaytambo,Medio,Sí,3500,Hidratación constante,Bus,Cultural Adventure,Medio,Sí,Sí
43,Brasil,Portugués,Alto,8,Fotografía,No,No,No,Sí,Sí,Sí,Sí,Laguna Piuray,Camino Inca,Medio,Sí,3800,Ropa adecuada,Trekking,Red Valley Premium,Medio,Sí,No
27,Turquía,Turco,Medio,6,Cultural,No,No,Sí,Sí,Sí,Sí,Sí,Laguna Piuray,Pisac,Bajo,Sí,3450,Llevar medicamentos,Bus + Caminata,Andes Tour,Bajo,Sí,Sí
39,India,Inglés,Alto,9,Aventura,No,No,No,Sí,Sí,Sí,Sí,Laguna Piuray,Maras,Medio,Sí,3700,Usar ropa ligera,Trekking,High Andes Trek,Medio,Sí,No
23,Bolivia,Español,Económico,3,Mochilero,No,No,No,Sí,Sí,No,Sí,Laguna Piuray,Plaza de Armas,Bajo,No,3300,Hidratación adecuada,Bus,Backpacker Peru,Bajo,Sí,Sí
42,Bélgica,Francés,Alto,8,Fotografía,No,No,No,Sí,Sí,Sí,Sí,Laguna Piuray,Qorikancha,Medio,Sí,3550,Control médico,Bus,Cultural Andes,Medio,Sí,No
26,Perú,Español,Medio,4,Cultural,No,No,No,Sí,No,Sí,Sí,Centro Histórico de Cusco,Plaza de Armas del Cusco,Bajo,No,3400,Hidratación adecuada,Bus,City Tour Cusco,Bajo,Sí,Sí
34,Estados Unidos,Inglés,Alto,7,Fotografía,No,No,Sí,Sí,No,Sí,Sí,Centro Histórico de Cusco,Barrio de San Blas,Bajo,Sí,3500,Aclimatación ligera,Bus + Caminata,Historic Photo Tour,Bajo,Sí,Sí
22,Argentina,Español,Económico,3,Mochilero,No,No,No,Sí,No,Sí,Sí,Centro Histórico de Cusco,Mercado de San Pedro,Bajo,No,3300,Consumir líquidos,Bus,Backpacker City,Bajo,Sí,Sí
41,Canadá,Inglés,Alto,8,Cultural,No,No,No,Sí,No,Sí,Sí,Centro Histórico de Cusco,Qorikancha,Bajo,Sí,3500,Descanso previo,Bus,Cusco Heritage,Bajo,Sí,Sí
29,Brasil,Portugués,Medio,5,Gastronómico,No,No,Sí,Sí,No,No,Sí,Centro Histórico de Cusco,Mercado de San Pedro,Bajo,No,3400,Hidratación constante,Bus,Food Tour Cusco,Bajo,Sí,Sí
37,Alemania,Alemán,Alto,9,Fotografía,No,No,No,Sí,No,Sí,Sí,Centro Histórico de Cusco,Catedral del Cusco,Bajo,Sí,3500,Usar protector solar,Bus + Caminata,Andes Culture Tour,Bajo,Sí,Sí
24,Chile,Español,Económico,4,Cultural,No,No,No,Sí,No,Sí,No,Centro Histórico de Cusco,Sacsayhuamán,Bajo,No,3300,Consumir mate de coca,Bus,City Experience,Bajo,Sí,Sí
33,Francia,Francés,Alto,7,Fotografía,No,No,Sí,Sí,No,Sí,Sí,Centro Histórico de Cusco,Piedra de los 12 Ángulos,Bajo,Sí,3450,Aclimatación previa,Bus,Cultural Explorer,Bajo,Sí,Sí
28,México,Español,Medio,5,Cultural,No,No,No,Sí,No,Sí,Sí,Centro Histórico de Cusco,Museo Inka,Bajo,No,3400,Descanso moderado,Bus,Tour Histórico,Bajo,Sí,Sí
45,Reino Unido,Inglés,Alto,10,Fotografía,No,No,Sí,Sí,No,Sí,Sí,Centro Histórico de Cusco,Barrio de San Blas,Bajo,Sí,3500,Aclimatación recomendada,Bus + Caminata,Cusco Premium Tour,Bajo,Sí,Sí
21,Colombia,Español,Económico,3,Mochilero,No,No,No,Sí,No,No,Sí,Centro Histórico de Cusco,Plaza de Armas del Cusco,Bajo,No,3300,Hidratación básica,Bus,Cusco Backpacker,Bajo,Sí,Sí
39,Japón,Japonés,Alto,8,Fotografía,No,No,Sí,Sí,No,Sí,Sí,Centro Histórico de Cusco,Qorikancha,Bajo,Sí,3500,Llevar snacks energéticos,Bus + Caminata,Photo Heritage,Bajo,Sí,Sí
30,España,Español,Medio,6,Cultural,No,No,No,Sí,No,Sí,Sí,Centro Histórico de Cusco,San Blas,Bajo,No,3400,Hidratación constante,Bus,Ruta Colonial,Bajo,Sí,Sí
36,China,Chino,Alto,9,Fotografía,No,No,No,Sí,No,Sí,Sí,Centro Histórico de Cusco,Catedral del Cusco,Bajo,Sí,3500,Aclimatación previa,Bus,Andes History Tour,Bajo,Sí,Sí
25,Perú,Español,Económico,4,Gastronómico,No,No,No,Sí,No,No,Sí,Centro Histórico de Cusco,Mercado de San Pedro,Bajo,No,3300,Consumir agua,Bus,Cusco Sabores,Bajo,Sí,Sí
42,Italia,Italiano,Alto,8,Cultural,No,No,Sí,Sí,No,Sí,Sí,Centro Histórico de Cusco,Museo Inka,Bajo,Sí,3450,Descansar antes del tour,Bus + Caminata,Heritage Experience,Bajo,Sí,Sí
31,Corea del Sur,Coreano,Alto,7,Fotografía,No,No,No,Sí,No,Sí,Sí,Centro Histórico de Cusco,San Blas,Bajo,Sí,3450,Hidratación continua,Bus,Cultural Photo Tour,Bajo,Sí,Sí
23,Bolivia,Español,Económico,3,Mochilero,No,No,No,Sí,No,No,Sí,Centro Histórico de Cusco,Plaza Regocijo,Bajo,No,3300,Descansar correctamente,Bus,Tour Económico,Bajo,Sí,Sí
46,Suiza,Alemán,Alto,10,Cultural,No,No,Sí,Sí,No,Sí,Sí,Centro Histórico de Cusco,Piedra de los 12 Ángulos,Bajo,Sí,3500,Preparación ligera,Bus,Premium History,Bajo,Sí,Sí
27,Ecuador,Español,Medio,5,Cultural,No,No,No,Sí,No,Sí,Sí,Centro Histórico de Cusco,Qenqo,Bajo,No,3400,Evitar comidas pesadas,Bus,Circuito Histórico,Bajo,Sí,Sí
35,Países Bajos,Inglés,Alto,8,Fotografía,No,No,No,Sí,No,Sí,Sí,Centro Histórico de Cusco,Sacsayhuamán,Bajo,Sí,3500,Hidratación y descanso,Bus + Caminata,City Photo Tour,Bajo,Sí,Sí
24,Venezuela,Español,Económico,4,Aventura,No,No,Sí,Sí,No,No,Sí,Centro Histórico de Cusco,Mercado de San Pedro,Bajo,No,3300,Consumir líquidos,Bus,Ruta Cultural,Bajo,Sí,Sí
47,Noruega,Inglés,Alto,10,Fotografía,No,No,No,Sí,No,Sí,Sí,Centro Histórico de Cusco,Barrio de San Blas,Bajo,Sí,3500,Aclimatación obligatoria,Bus,Cultural Premium,Bajo,Sí,Sí
28,Portugal,Portugués,Medio,5,Cultural,No,No,No,Sí,No,Sí,Sí,Centro Histórico de Cusco,Catedral del Cusco,Bajo,No,3400,Evitar alcohol,Bus,Ruta Cusco Colonial,Bajo,Sí,Sí
32,Israel,Hebreo,Alto,8,Fotografía,No,No,Sí,Sí,No,Sí,Sí,Centro Histórico de Cusco,Qorikancha,Bajo,Sí,3450,Descanso previo,Bus,Andes Heritage,Bajo,Sí,Sí
26,Uruguay,Español,Económico,3,Mochilero,No,No,No,Sí,No,No,Sí,Centro Histórico de Cusco,Plaza de Armas del Cusco,Bajo,No,3300,Hidratación básica,Bus,City Backpacker,Bajo,Sí,Sí
40,Irlanda,Inglés,Alto,9,Cultural,No,No,No,Sí,No,Sí,Sí,Centro Histórico de Cusco,Museo Inka,Bajo,Sí,3500,Consumir agua frecuentemente,Bus,Cultural Discovery,Bajo,Sí,Sí
29,Sudáfrica,Inglés,Medio,6,Fotografía,No,No,No,Sí,No,Sí,Sí,Centro Histórico de Cusco,San Blas,Bajo,Sí,3450,Usar bloqueador solar,Bus + Caminata,City Adventure,Bajo,Sí,Sí
34,Filipinas,Inglés,Medio,5,Cultural,No,No,Sí,Sí,No,Sí,Sí,Centro Histórico de Cusco,Qorikancha,Bajo,No,3400,Medicamentos básicos,Bus,Cultural Andes,Bajo,Sí,Sí
31,Marruecos,Árabe,Económico,4,Gastronómico,No,No,No,Sí,No,No,Sí,Centro Histórico de Cusco,Mercado de San Pedro,Bajo,No,3300,Descanso moderado,Bus,Food Experience,Bajo,Sí,Sí
43,Suecia,Inglés,Alto,11,Fotografía,No,No,No,Sí,No,Sí,Sí,Centro Histórico de Cusco,Sacsayhuamán,Bajo,Sí,3500,Aclimatación y descanso,Bus,Colonial Explorer,Bajo,Sí,Sí
27,Indonesia,Indonesio,Medio,6,Cultural,No,No,Sí,Sí,No,Sí,Sí,Centro Histórico de Cusco,Piedra de los 12 Ángulos,Bajo,Sí,3450,Hidratación permanente,Bus + Caminata,City Heritage,Bajo,Sí,Sí
38,Dinamarca,Inglés,Alto,9,Fotografía,No,No,No,Sí,No,Sí,Sí,Centro Histórico de Cusco,Catedral del Cusco,Bajo,Sí,3500,Preparación ligera,Bus,Historic Cusco Tour,Bajo,Sí,Sí
22,Paraguay,Español,Económico,3,Cultural,No,No,No,Sí,No,No,Sí,Centro Histórico de Cusco,Plaza Regocijo,Bajo,No,3300,Consumir agua,Bus,Tour Histórico,Bajo,Sí,Sí
45,Austria,Alemán,Alto,10,Fotografía,Sí,No,Sí,Sí,No,Sí,Sí,Centro Histórico de Cusco,Qorikancha,Bajo,Sí,3450,Consulta médica,Bus,Cultural Premium,Bajo,Sí,Sí
30,Costa Rica,Español,Medio,6,Cultural,No,No,No,Sí,No,Sí,Sí,Centro Histórico de Cusco,Mercado de San Pedro,Bajo,No,3400,Hidratación adecuada,Bus,Ruta Colonial,Bajo,Sí,Sí
25,Nueva Zelanda,Inglés,Alto,8,Fotografía,No,No,No,Sí,No,Sí,Sí,Centro Histórico de Cusco,San Blas,Bajo,Sí,3500,Ropa cómoda,Bus + Caminata,Photo Walk,Bajo,Sí,Sí
37,Rusia,Ruso,Alto,9,Cultural,No,No,Sí,Sí,No,Sí,Sí,Centro Histórico de Cusco,Catedral del Cusco,Bajo,Sí,3500,Aclimatación previa,Bus,Cusco Imperial,Bajo,Sí,Sí
28,Perú,Español,Medio,5,Gastronómico,No,No,No,Sí,No,No,Sí,Centro Histórico de Cusco,Mercado de San Pedro,Bajo,No,3350,Consumir mate de coca,Bus,Tour Gastronómico,Bajo,Sí,Sí
36,Finlandia,Inglés,Alto,8,Fotografía,No,No,Sí,Sí,No,Sí,Sí,Centro Histórico de Cusco,Piedra de los 12 Ángulos,Bajo,Sí,3450,Hidratación continua,Bus,Andes Photo Tour,Bajo,Sí,Sí
23,Perú,Español,Económico,3,Mochilero,No,No,No,Sí,No,No,Sí,Centro Histórico de Cusco,Plaza de Armas del Cusco,Bajo,No,3300,Descanso adecuado,Bus,City Budget,Bajo,Sí,Sí
48,Hungría,Húngaro,Alto,11,Cultural,Sí,No,No,Sí,No,Sí,Sí,Centro Histórico de Cusco,Qorikancha,Bajo,Sí,3450,Control médico,Bus,Heritage Andes,Bajo,Sí,Sí
31,Tailandia,Tailandés,Medio,6,Fotografía,No,No,Sí,Sí,No,Sí,Sí,Centro Histórico de Cusco,San Blas,Bajo,Sí,3450,Hidratación y descanso,Bus + Caminata,Cusco Colors,Bajo,Sí,Sí
35,Estados Unidos,Inglés,Alto,10,Cultural,No,No,No,Sí,No,Sí,Sí,Centro Histórico de Cusco,Museo Inka,Bajo,Sí,3500,Preparación ligera,Bus,Peru History Tour,Bajo,Sí,Sí
24,Perú,Español,Económico,4,Gastronómico,No,No,No,Sí,No,No,Sí,Centro Histórico de Cusco,San Pedro,Bajo,No,3300,Consumir líquidos,Bus,Cusco Sabores,Bajo,Sí,Sí
41,Canadá,Inglés,Alto,9,Fotografía,No,No,Sí,Sí,No,Sí,Sí,Centro Histórico de Cusco,Barrio de San Blas,Bajo,Sí,3500,Aclimatación previa,Bus,Colonial Photo Tour,Bajo,Sí,Sí
27,España,Español,Medio,5,Cultural,No,No,No,Sí,No,Sí,Sí,Centro Histórico de Cusco,Qorikancha,Bajo,No,3400,Hidratación constante,Bus,Cultural Adventure,Bajo,Sí,Sí
42,Brasil,Portugués,Alto,8,Fotografía,No,No,No,Sí,No,Sí,Sí,Centro Histórico de Cusco,Sacsayhuamán,Bajo,Sí,3500,Ropa adecuada,Bus,Photo Premium,Bajo,Sí,Sí
29,Turquía,Turco,Medio,6,Cultural,No,No,Sí,Sí,No,Sí,Sí,Centro Histórico de Cusco,Pisac,Bajo,Sí,3450,Llevar medicamentos,Bus + Caminata,Andes Tour,Bajo,Sí,Sí
38,India,Inglés,Alto,9,Fotografía,No,No,No,Sí,No,Sí,Sí,Centro Histórico de Cusco,Maras,Bajo,Sí,3500,Usar ropa ligera,Bus,City Explorer,Bajo,Sí,Sí
22,Bolivia,Español,Económico,3,Mochilero,No,No,No,Sí,No,No,Sí,Centro Histórico de Cusco,Plaza de Armas del Cusco,Bajo,No,3300,Hidratación adecuada,Bus,Backpacker Peru,Bajo,Sí,Sí
44,Bélgica,Francés,Alto,8,Cultural,No,No,No,Sí,No,Sí,Sí,Centro Histórico de Cusco,Catedral del Cusco,Bajo,Sí,3450,Control médico,Bus,Cultural Andes,Bajo,Sí,Sí
25,Perú,Español,Medio,4,Naturaleza,No,No,No,Sí,Sí,No,Sí,Laguna Huaypo,Chinchero,Bajo,No,3600,Hidratación adecuada,Bus,Tour Natural,Bajo,Sí,Sí
31,Argentina,Español,Alto,6,Fotografía,No,No,No,Sí,Sí,Sí,Sí,Laguna Huaypo,Maras,Bajo,No,3600,Usar bloqueador,Auto,Photo Tour,Bajo,Sí,Sí
22,Chile,Español,Económico,3,Mochilero,No,No,No,No,Sí,No,Sí,Laguna Huaypo,Chinchero,Bajo,No,3500,Consumir líquidos,Bus,Backpacker,Bajo,Sí,Sí
40,Estados Unidos,Inglés,Alto,8,Relajación,Sí,No,No,Sí,Sí,Sí,Sí,Laguna Huaypo,Valle Sagrado,Bajo,No,3400,Descanso previo,Auto,Tour Relax,Bajo,Sí,Sí
28,Brasil,Portugués,Medio,5,Naturaleza,No,No,No,Sí,Sí,No,Sí,Laguna Huaypo,Maras,Bajo,No,3600,Hidratación constante,Bus,Tour Natural,Bajo,Sí,Sí
35,Canadá,Inglés,Alto,7,Fotografía,No,No,No,Sí,Sí,Sí,Sí,Laguna Huaypo,Chinchero,Bajo,No,3600,Usar protector solar,Auto,Photo Tour,Bajo,Sí,Sí
26,México,Español,Medio,4,Cultural,No,No,No,Sí,Sí,Sí,Sí,Laguna Huaypo,Valle Sagrado,Bajo,No,3500,Evitar alcohol,Bus,Tour Cultural,Bajo,Sí,Sí
29,Francia,Francés,Alto,6,Relajación,No,No,Sí,Sí,Sí,Sí,Sí,Laguna Huaypo,Maras,Bajo,No,3500,Hidratación adecuada,Auto,Tour Relax,Bajo,Sí,Sí
21,Colombia,Español,Económico,3,Mochilero,No,No,No,No,Sí,No,Sí,Laguna Huaypo,Chinchero,Bajo,No,3500,Consumir mate de coca,Bus,Backpacker,Bajo,Sí,Sí
47,Japón,Japonés,Alto,9,Relajación,Sí,Sí,No,Sí,Sí,Sí,Sí,Laguna Huaypo,Valle Sagrado,Bajo,No,3300,Consulta médica,Auto,Tour Relax,Bajo,Sí,Sí
25,Bolivia,Español,Medio,4,Naturaleza,No,No,No,Sí,Sí,No,Sí,Laguna Huaypo,Maras,Bajo,No,3500,Hidratación adecuada,Bus,Tour Natural,Bajo,Sí,Sí
38,Italia,Italiano,Alto,7,Fotografía,No,No,No,Sí,Sí,Sí,Sí,Laguna Huaypo,Chinchero,Bajo,No,3600,Usar bloqueador,Auto,Photo Tour,Bajo,Sí,Sí
33,Alemania,Alemán,Alto,6,Naturaleza,No,No,No,Sí,Sí,No,Sí,Laguna Huaypo,Valle Sagrado,Bajo,No,3600,Hidratación constante,Bus,Tour Natural,Bajo,Sí,Sí
20,Perú,Español,Económico,2,Mochilero,No,No,No,No,Sí,No,Sí,Laguna Huaypo,Chinchero,Bajo,No,3500,Consumir líquidos,Bus,Backpacker,Bajo,Sí,Sí
42,Reino Unido,Inglés,Alto,8,Fotografía,No,No,No,Sí,Sí,Sí,Sí,Laguna Huaypo,Maras,Bajo,No,3600,Descanso previo,Auto,Photo Tour,Bajo,Sí,Sí
27,Uruguay,Español,Medio,5,Cultural,No,No,No,Sí,Sí,Sí,Sí,Laguna Huaypo,Valle Sagrado,Bajo,No,3500,Evitar alcohol,Bus,Tour Cultural,Bajo,Sí,Sí
36,Australia,Inglés,Alto,7,Naturaleza,No,No,No,Sí,Sí,No,Sí,Laguna Huaypo,Chinchero,Bajo,No,3600,Hidratación adecuada,Auto,Tour Natural,Bajo,Sí,Sí
23,Ecuador,Español,Económico,3,Mochilero,No,No,No,No,Sí,No,Sí,Laguna Huaypo,Maras,Bajo,No,3500,Consumir mate de coca,Bus,Backpacker,Bajo,Sí,Sí
44,Corea del Sur,Coreano,Alto,9,Fotografía,No,No,No,Sí,Sí,Sí,Sí,Laguna Huaypo,Valle Sagrado,Bajo,No,3600,Usar protector solar,Auto,Photo Tour,Bajo,Sí,Sí
30,Paraguay,Español,Medio,5,Relajación,No,No,No,Sí,Sí,No,Sí,Laguna Huaypo,Chinchero,Bajo,No,3500,Hidratación constante,Bus,Tour Relax,Bajo,Sí,Sí
37,Portugal,Portugués,Alto,6,Naturaleza,No,No,No,Sí,Sí,No,Sí,Laguna Huaypo,Maras,Bajo,No,3600,Evitar alcohol,Auto,Tour Natural,Bajo,Sí,Sí
22,Venezuela,Español,Económico,3,Mochilero,No,No,No,No,Sí,No,Sí,Laguna Huaypo,Chinchero,Bajo,No,3500,Consumir líquidos,Bus,Backpacker,Bajo,Sí,Sí
39,China,Chino,Alto,8,Fotografía,No,No,No,Sí,Sí,Sí,Sí,Laguna Huaypo,Valle Sagrado,Bajo,No,3600,Usar bloqueador,Auto,Photo Tour,Bajo,Sí,Sí
28,Costa Rica,Español,Medio,5,Naturaleza,No,No,No,Sí,Sí,No,Sí,Laguna Huaypo,Maras,Bajo,No,3500,Hidratación adecuada,Bus,Tour Natural,Bajo,Sí,Sí
26,Suiza,Alemán,Alto,7,Fotografía,No,No,No,Sí,Sí,Sí,Sí,Laguna Huaypo,Chinchero,Bajo,No,3600,Descanso previo,Auto,Photo Tour,Bajo,Sí,Sí
35,Perú,Español,Medio,4,Cultural,No,No,No,Sí,Sí,Sí,Sí,Laguna Huaypo,Valle Sagrado,Bajo,No,3500,Evitar alcohol,Bus,Tour Cultural,Bajo,Sí,Sí
41,Estados Unidos,Inglés,Alto,8,Relajación,Sí,No,No,Sí,Sí,Sí,Sí,Laguna Huaypo,Maras,Bajo,No,3400,Consulta médica,Auto,Tour Relax,Bajo,Sí,Sí
21,Chile,Español,Económico,2,Mochilero,No,No,No,No,Sí,No,Sí,Laguna Huaypo,Chinchero,Bajo,No,3500,Consumir líquidos,Bus,Backpacker,Bajo,Sí,Sí
46,Francia,Francés,Alto,9,Relajación,Sí,Sí,No,Sí,Sí,Sí,Sí,Laguna Huaypo,Valle Sagrado,Bajo,No,3300,Descanso constante,Auto,Tour Relax,Bajo,Sí,Sí
32,México,Español,Medio,6,Cultural,No,No,No,Sí,Sí,Sí,Sí,Laguna Huaypo,Maras,Bajo,No,3500,Usar protector solar,Bus,Tour Cultural,Bajo,Sí,Sí
29,Perú,Español,Medio,5,Naturaleza,No,No,No,Sí,Sí,No,Sí,Laguna Huaypo,Chinchero,Bajo,No,3600,Hidratación adecuada,Bus,Tour Natural,Bajo,Sí,Sí
34,Argentina,Español,Alto,7,Fotografía,No,No,No,Sí,Sí,Sí,Sí,Laguna Huaypo,Valle Sagrado,Bajo,No,3600,Usar bloqueador,Auto,Photo Tour,Bajo,Sí,Sí
23,Brasil,Portugués,Económico,3,Mochilero,No,No,No,No,Sí,No,Sí,Laguna Huaypo,Maras,Bajo,No,3500,Consumir líquidos,Bus,Backpacker,Bajo,Sí,Sí
38,Canadá,Inglés,Alto,8,Relajación,Sí,No,No,Sí,Sí,Sí,Sí,Laguna Huaypo,Chinchero,Bajo,No,3400,Consulta médica,Auto,Tour Relax,Bajo,Sí,Sí
27,Italia,Italiano,Medio,5,Naturaleza,No,No,No,Sí,Sí,No,Sí,Laguna Huaypo,Valle Sagrado,Bajo,No,3500,Hidratación constante,Bus,Tour Natural,Bajo,Sí,Sí
25,Colombia,Español,Económico,4,Mochilero,No,No,No,No,Sí,No,Sí,Laguna Huaypo,Maras,Bajo,No,3500,Consumir mate de coca,Bus,Backpacker,Bajo,Sí,Sí
43,Japón,Japonés,Alto,9,Fotografía,No,No,No,Sí,Sí,Sí,Sí,Laguna Huaypo,Chinchero,Bajo,No,3600,Descanso previo,Auto,Photo Tour,Bajo,Sí,Sí
31,Alemania,Alemán,Alto,6,Cultural,No,No,No,Sí,Sí,Sí,Sí,Laguna Huaypo,Valle Sagrado,Bajo,No,3500,Evitar alcohol,Bus,Tour Cultural,Bajo,Sí,Sí
20,Bolivia,Español,Económico,2,Mochilero,No,No,No,No,Sí,No,Sí,Laguna Huaypo,Maras,Bajo,No,3500,Consumir líquidos,Bus,Backpacker,Bajo,Sí,Sí
45,Reino Unido,Inglés,Alto,8,Relajación,Sí,Sí,No,Sí,Sí,Sí,Sí,Laguna Huaypo,Chinchero,Bajo,No,3300,Consulta médica,Auto,Tour Relax,Bajo,Sí,Sí
28,Uruguay,Español,Medio,5,Naturaleza,No,No,No,Sí,Sí,No,Sí,Laguna Huaypo,Valle Sagrado,Bajo,No,3500,Hidratación adecuada,Bus,Tour Natural,Bajo,Sí,Sí
36,Australia,Inglés,Alto,7,Fotografía,No,No,No,Sí,Sí,Sí,Sí,Laguna Huaypo,Maras,Bajo,No,3600,Usar protector solar,Auto,Photo Tour,Bajo,Sí,Sí
24,Ecuador,Español,Económico,3,Mochilero,No,No,No,No,Sí,No,Sí,Laguna Huaypo,Chinchero,Bajo,No,3500,Consumir líquidos,Bus,Backpacker,Bajo,Sí,Sí
42,Corea del Sur,Coreano,Alto,9,Relajación,Sí,No,No,Sí,Sí,Sí,Sí,Laguna Huaypo,Valle Sagrado,Bajo,No,3400,Descanso previo,Auto,Tour Relax,Bajo,Sí,Sí
30,Paraguay,Español,Medio,5,Cultural,No,No,No,Sí,Sí,Sí,Sí,Laguna Huaypo,Maras,Bajo,No,3500,Evitar alcohol,Bus,Tour Cultural,Bajo,Sí,Sí
37,Portugal,Portugués,Alto,6,Naturaleza,No,No,No,Sí,Sí,No,Sí,Laguna Huaypo,Chinchero,Bajo,No,3600,Hidratación constante,Auto,Tour Natural,Bajo,Sí,Sí
22,Venezuela,Español,Económico,3,Mochilero,No,No,No,No,Sí,No,Sí,Laguna Huaypo,Valle Sagrado,Bajo,No,3500,Consumir mate de coca,Bus,Backpacker,Bajo,Sí,Sí
39,China,Chino,Alto,8,Fotografía,No,No,No,Sí,Sí,Sí,Sí,Laguna Huaypo,Maras,Bajo,No,3600,Usar bloqueador,Auto,Photo Tour,Bajo,Sí,Sí
29,Costa Rica,Español,Medio,5,Naturaleza,No,No,No,Sí,Sí,No,Sí,Laguna Huaypo,Chinchero,Bajo,No,3500,Hidratación adecuada,Bus,Tour Natural,Bajo,Sí,Sí
25,Perú,Español,Medio,4,Cultural,No,No,No,Sí,No,Sí,Sí,Barrio de San Blas,Centro Histórico de Cusco,Bajo,Sí,3400,Hidratación adecuada,Bus,San Blas Walking Tour,Bajo,Sí,Sí
33,Estados Unidos,Inglés,Alto,7,Fotografía,No,No,Sí,Sí,No,Sí,Sí,Barrio de San Blas,Plaza de Armas del Cusco,Bajo,Sí,3500,Aclimatación ligera,Bus + Caminata,Photo Cusco Tour,Bajo,Sí,Sí
22,Argentina,Español,Económico,3,Mochilero,No,No,No,Sí,No,No,Sí,Barrio de San Blas,Mercado de San Pedro,Bajo,No,3300,Consumir líquidos,Bus,Backpacker Route,Bajo,Sí,Sí
41,Canadá,Inglés,Alto,8,Cultural,No,No,No,Sí,No,Sí,Sí,Barrio de San Blas,Qorikancha,Bajo,Sí,3500,Descanso previo,Bus,Cusco Heritage Tour,Bajo,Sí,Sí
29,Brasil,Portugués,Medio,5,Gastronómico,No,No,Sí,Sí,No,No,Sí,Barrio de San Blas,Mercado de San Pedro,Bajo,No,3400,Hidratación constante,Bus,Food Experience,Bajo,Sí,Sí
37,Alemania,Alemán,Alto,9,Fotografía,No,No,No,Sí,No,Sí,Sí,Barrio de San Blas,Catedral del Cusco,Bajo,Sí,3500,Usar protector solar,Bus + Caminata,Andes Art Tour,Bajo,Sí,Sí
24,Chile,Español,Económico,4,Cultural,No,No,No,Sí,No,Sí,No,Barrio de San Blas,Sacsayhuamán,Bajo,No,3300,Consumir mate de coca,Bus,City Art Tour,Bajo,Sí,Sí
34,Francia,Francés,Alto,7,Fotografía,No,No,Sí,Sí,No,Sí,Sí,Barrio de San Blas,Piedra de los 12 Ángulos,Bajo,Sí,3450,Aclimatación previa,Bus,Colonial Photo Walk,Bajo,Sí,Sí
28,México,Español,Medio,5,Cultural,No,No,No,Sí,No,Sí,Sí,Barrio de San Blas,Museo Inka,Bajo,No,3400,Descanso moderado,Bus,Tour Histórico,Bajo,Sí,Sí
45,Reino Unido,Inglés,Alto,10,Fotografía,No,No,Sí,Sí,No,Sí,Sí,Barrio de San Blas,Centro Histórico de Cusco,Bajo,Sí,3500,Aclimatación recomendada,Bus + Caminata,Cusco Premium Walk,Bajo,Sí,Sí
21,Colombia,Español,Económico,3,Mochilero,No,No,No,Sí,No,No,Sí,Barrio de San Blas,Plaza Regocijo,Bajo,No,3300,Hidratación básica,Bus,City Backpacker,Bajo,Sí,Sí
39,Japón,Japonés,Alto,8,Fotografía,No,No,Sí,Sí,No,Sí,Sí,Barrio de San Blas,Qorikancha,Bajo,Sí,3500,Llevar snacks energéticos,Bus + Caminata,Photo Heritage,Bajo,Sí,Sí
30,España,Español,Medio,6,Cultural,No,No,No,Sí,No,Sí,Sí,Barrio de San Blas,Catedral del Cusco,Bajo,No,3400,Hidratación constante,Bus,Ruta Colonial,Bajo,Sí,Sí
36,China,Chino,Alto,9,Fotografía,No,No,No,Sí,No,Sí,Sí,Barrio de San Blas,Piedra de los 12 Ángulos,Bajo,Sí,3500,Aclimatación previa,Bus,Andes Art Experience,Bajo,Sí,Sí
25,Perú,Español,Económico,4,Gastronómico,No,No,No,Sí,No,No,Sí,Barrio de San Blas,Mercado de San Pedro,Bajo,No,3300,Consumir agua,Bus,Cusco Sabores,Bajo,Sí,Sí
42,Italia,Italiano,Alto,8,Cultural,No,No,Sí,Sí,No,Sí,Sí,Barrio de San Blas,Museo Inka,Bajo,Sí,3450,Descansar antes del tour,Bus + Caminata,Heritage Experience,Bajo,Sí,Sí
31,Corea del Sur,Coreano,Alto,7,Fotografía,No,No,No,Sí,No,Sí,Sí,Barrio de San Blas,Centro Histórico de Cusco,Bajo,Sí,3450,Hidratación continua,Bus,Cultural Photo Tour,Bajo,Sí,Sí
23,Bolivia,Español,Económico,3,Mochilero,No,No,No,Sí,No,No,Sí,Barrio de San Blas,Plaza de Armas del Cusco,Bajo,No,3300,Descansar correctamente,Bus,Tour Económico,Bajo,Sí,Sí
46,Suiza,Alemán,Alto,10,Cultural,No,No,Sí,Sí,No,Sí,Sí,Barrio de San Blas,Qorikancha,Bajo,Sí,3500,Preparación ligera,Bus,Premium History,Bajo,Sí,Sí
27,Ecuador,Español,Medio,5,Cultural,No,No,No,Sí,No,Sí,Sí,Barrio de San Blas,Qenqo,Bajo,No,3400,Evitar comidas pesadas,Bus,Circuito Cultural,Bajo,Sí,Sí
35,Países Bajos,Inglés,Alto,8,Fotografía,No,No,No,Sí,No,Sí,Sí,Barrio de San Blas,Sacsayhuamán,Bajo,Sí,3500,Hidratación y descanso,Bus + Caminata,City Photo Tour,Bajo,Sí,Sí
24,Venezuela,Español,Económico,4,Aventura,No,No,Sí,Sí,No,No,Sí,Barrio de San Blas,Mercado de San Pedro,Bajo,No,3300,Consumir líquidos,Bus,Ruta Cultural,Bajo,Sí,Sí
47,Noruega,Inglés,Alto,10,Fotografía,No,No,No,Sí,No,Sí,Sí,Barrio de San Blas,Catedral del Cusco,Bajo,Sí,3500,Aclimatación obligatoria,Bus,Cultural Premium,Bajo,Sí,Sí
28,Portugal,Portugués,Medio,5,Cultural,No,No,No,Sí,No,Sí,Sí,Barrio de San Blas,Plaza de Armas del Cusco,Bajo,No,3400,Evitar alcohol,Bus,Ruta Cusco Colonial,Bajo,Sí,Sí
32,Israel,Hebreo,Alto,8,Fotografía,No,No,Sí,Sí,No,Sí,Sí,Barrio de San Blas,Qorikancha,Bajo,Sí,3450,Descanso previo,Bus,Andes Heritage,Bajo,Sí,Sí
26,Uruguay,Español,Económico,3,Mochilero,No,No,No,Sí,No,No,Sí,Barrio de San Blas,Plaza Regocijo,Bajo,No,3300,Hidratación básica,Bus,City Backpacker,Bajo,Sí,Sí
40,Irlanda,Inglés,Alto,9,Cultural,No,No,No,Sí,No,Sí,Sí,Barrio de San Blas,Museo Inka,Bajo,Sí,3500,Consumir agua frecuentemente,Bus,Cultural Discovery,Bajo,Sí,Sí
29,Sudáfrica,Inglés,Medio,6,Fotografía,No,No,No,Sí,No,Sí,Sí,Barrio de San Blas,Centro Histórico de Cusco,Bajo,Sí,3450,Usar bloqueador solar,Bus + Caminata,City Adventure,Bajo,Sí,Sí
34,Filipinas,Inglés,Medio,5,Cultural,No,No,Sí,Sí,No,Sí,Sí,Barrio de San Blas,Qorikancha,Bajo,No,3400,Medicamentos básicos,Bus,Cultural Andes,Bajo,Sí,Sí
31,Marruecos,Árabe,Económico,4,Gastronómico,No,No,No,Sí,No,No,Sí,Barrio de San Blas,Mercado de San Pedro,Bajo,No,3300,Descanso moderado,Bus,Food Experience,Bajo,Sí,Sí
43,Suecia,Inglés,Alto,11,Fotografía,No,No,No,Sí,No,Sí,Sí,Barrio de San Blas,Sacsayhuamán,Bajo,Sí,3500,Aclimatación y descanso,Bus,Colonial Explorer,Bajo,Sí,Sí
27,Indonesia,Indonesio,Medio,6,Cultural,No,No,Sí,Sí,No,Sí,Sí,Barrio de San Blas,Piedra de los 12 Ángulos,Bajo,Sí,3450,Hidratación permanente,Bus + Caminata,City Heritage,Bajo,Sí,Sí
38,Dinamarca,Inglés,Alto,9,Fotografía,No,No,No,Sí,No,Sí,Sí,Barrio de San Blas,Catedral del Cusco,Bajo,Sí,3500,Preparación ligera,Bus,Historic Cusco Tour,Bajo,Sí,Sí
22,Paraguay,Español,Económico,3,Cultural,No,No,No,Sí,No,No,Sí,Barrio de San Blas,Plaza Regocijo,Bajo,No,3300,Consumir agua,Bus,Tour Histórico,Bajo,Sí,Sí
45,Austria,Alemán,Alto,10,Fotografía,Sí,No,Sí,Sí,No,Sí,Sí,Barrio de San Blas,Qorikancha,Bajo,Sí,3450,Consulta médica,Bus,Cultural Premium,Bajo,Sí,Sí
30,Costa Rica,Español,Medio,6,Cultural,No,No,No,Sí,No,Sí,Sí,Barrio de San Blas,Mercado de San Pedro,Bajo,No,3400,Hidratación adecuada,Bus,Ruta Colonial,Bajo,Sí,Sí
25,Nueva Zelanda,Inglés,Alto,8,Fotografía,No,No,No,Sí,No,Sí,Sí,Barrio de San Blas,Centro Histórico de Cusco,Bajo,Sí,3500,Ropa cómoda,Bus + Caminata,Photo Walk,Bajo,Sí,Sí
37,Rusia,Ruso,Alto,9,Cultural,No,No,Sí,Sí,No,Sí,Sí,Barrio de San Blas,Catedral del Cusco,Bajo,Sí,3500,Aclimatación previa,Bus,Cusco Imperial,Bajo,Sí,Sí
28,Perú,Español,Medio,5,Gastronómico,No,No,No,Sí,No,No,Sí,Barrio de San Blas,Mercado de San Pedro,Bajo,No,3350,Consumir mate de coca,Bus,Tour Gastronómico,Bajo,Sí,Sí
36,Finlandia,Inglés,Alto,8,Fotografía,No,No,Sí,Sí,No,Sí,Sí,Barrio de San Blas,Piedra de los 12 Ángulos,Bajo,Sí,3450,Hidratación continua,Bus,Andes Photo Tour,Bajo,Sí,Sí
23,Perú,Español,Económico,3,Mochilero,No,No,No,Sí,No,No,Sí,Barrio de San Blas,Plaza de Armas del Cusco,Bajo,No,3300,Descanso adecuado,Bus,City Budget,Bajo,Sí,Sí
48,Hungría,Húngaro,Alto,11,Cultural,Sí,No,No,Sí,No,Sí,Sí,Barrio de San Blas,Qorikancha,Bajo,Sí,3450,Control médico,Bus,Heritage Andes,Bajo,Sí,Sí
31,Tailandia,Tailandés,Medio,6,Fotografía,No,No,Sí,Sí,No,Sí,Sí,Barrio de San Blas,Centro Histórico de Cusco,Bajo,Sí,3450,Hidratación y descanso,Bus + Caminata,Cusco Colors,Bajo,Sí,Sí
35,Estados Unidos,Inglés,Alto,10,Cultural,No,No,No,Sí,No,Sí,Sí,Barrio de San Blas,Museo Inka,Bajo,Sí,3500,Preparación ligera,Bus,Peru History Tour,Bajo,Sí,Sí
24,Perú,Español,Económico,4,Gastronómico,No,No,No,Sí,No,No,Sí,Barrio de San Blas,San Pedro,Bajo,No,3300,Consumir líquidos,Bus,Cusco Sabores,Bajo,Sí,Sí
41,Canadá,Inglés,Alto,9,Fotografía,No,No,Sí,Sí,No,Sí,Sí,Barrio de San Blas,Catedral del Cusco,Bajo,Sí,3500,Aclimatación previa,Bus,Colonial Photo Tour,Bajo,Sí,Sí
27,España,Español,Medio,5,Cultural,No,No,No,Sí,No,Sí,Sí,Barrio de San Blas,Qorikancha,Bajo,No,3400,Hidratación constante,Bus,Cultural Adventure,Bajo,Sí,Sí
42,Brasil,Portugués,Alto,8,Fotografía,No,No,No,Sí,No,Sí,Sí,Barrio de San Blas,Sacsayhuamán,Bajo,Sí,3500,Ropa adecuada,Bus,Photo Premium,Bajo,Sí,Sí
29,Turquía,Turco,Medio,6,Cultural,No,No,Sí,Sí,No,Sí,Sí,Barrio de San Blas,Pisac,Bajo,Sí,3450,Llevar medicamentos,Bus + Caminata,Andes Tour,Bajo,Sí,Sí
38,India,Inglés,Alto,9,Fotografía,No,No,No,Sí,No,Sí,Sí,Barrio de San Blas,Maras,Bajo,Sí,3500,Usar ropa ligera,Bus,City Explorer,Bajo,Sí,Sí
22,Bolivia,Español,Económico,3,Mochilero,No,No,No,Sí,No,No,Sí,Barrio de San Blas,Plaza de Armas del Cusco,Bajo,No,3300,Hidratación adecuada,Bus,Backpacker Peru,Bajo,Sí,Sí
44,Bélgica,Francés,Alto,8,Cultural,No,No,No,Sí,No,Sí,Sí,Barrio de San Blas,Catedral del Cusco,Bajo,Sí,3450,Control médico,Bus,Cultural Andes,Bajo,Sí,Sí
26,Perú,Español,Medio,4,Cultural,No,No,No,Sí,No,Sí,Sí,Plaza de Armas del Cusco,Qorikancha,Bajo,No,3400,Hidratación adecuada,Bus,City Tour,Bajo,Sí,Sí
31,Argentina,Español,Alto,6,Fotografía,No,No,No,Sí,No,Sí,Sí,Plaza de Armas del Cusco,San Blas,Bajo,No,3400,Usar bloqueador,Auto,Photo Tour,Bajo,Sí,Sí
22,Chile,Español,Económico,3,Mochilero,No,No,No,Sí,No,Sí,Sí,Plaza de Armas del Cusco,Mercado San Pedro,Bajo,No,3300,Consumir líquidos,Bus,Backpacker,Bajo,Sí,Sí
45,Estados Unidos,Inglés,Alto,8,Cultural,Sí,No,No,Sí,No,Sí,Sí,Plaza de Armas del Cusco,Catedral del Cusco,Bajo,No,3300,Descanso previo,Auto,Tour Histórico,Bajo,Sí,Sí
29,Brasil,Portugués,Medio,5,Gastronómico,No,No,No,Sí,No,Sí,Sí,Plaza de Armas del Cusco,San Blas,Bajo,No,3400,Hidratación constante,Bus,Food Tour,Bajo,Sí,Sí
37,Canadá,Inglés,Alto,7,Fotografía,No,No,No,Sí,No,Sí,Sí,Plaza de Armas del Cusco,Qorikancha,Bajo,No,3400,Usar protector solar,Auto,Photo Tour,Bajo,Sí,Sí
25,México,Español,Medio,4,Cultural,No,No,No,Sí,No,Sí,Sí,Plaza de Armas del Cusco,Sacsayhuamán,Bajo,No,3400,Evitar alcohol,Bus,City Tour,Bajo,Sí,Sí
33,Francia,Francés,Alto,6,Relajación,No,No,Sí,Sí,No,Sí,Sí,Plaza de Armas del Cusco,San Blas,Bajo,No,3300,Hidratación adecuada,Auto,Tour Relax,Bajo,Sí,Sí
21,Colombia,Español,Económico,3,Mochilero,No,No,No,Sí,No,Sí,Sí,Plaza de Armas del Cusco,Mercado San Pedro,Bajo,No,3300,Consumir mate de coca,Bus,Backpacker,Bajo,Sí,Sí
48,Japón,Japonés,Alto,9,Relajación,Sí,Sí,No,Sí,No,Sí,Sí,Plaza de Armas del Cusco,Catedral del Cusco,Bajo,No,3200,Consulta médica,Auto,Tour Relax,Bajo,Sí,Sí
24,Bolivia,Español,Medio,4,Cultural,No,No,No,Sí,No,Sí,Sí,Plaza de Armas del Cusco,Qorikancha,Bajo,No,3400,Hidratación adecuada,Bus,City Tour,Bajo,Sí,Sí
39,Italia,Italiano,Alto,7,Fotografía,No,No,No,Sí,No,Sí,Sí,Plaza de Armas del Cusco,San Blas,Bajo,No,3400,Usar bloqueador,Auto,Photo Tour,Bajo,Sí,Sí
35,Alemania,Alemán,Alto,6,Cultural,No,No,No,Sí,No,Sí,Sí,Plaza de Armas del Cusco,Catedral del Cusco,Bajo,No,3400,Hidratación constante,Bus,Tour Histórico,Bajo,Sí,Sí
20,Perú,Español,Económico,2,Mochilero,No,No,No,Sí,No,Sí,Sí,Plaza de Armas del Cusco,Mercado San Pedro,Bajo,No,3300,Consumir líquidos,Bus,Backpacker,Bajo,Sí,Sí
43,Reino Unido,Inglés,Alto,8,Fotografía,No,No,No,Sí,No,Sí,Sí,Plaza de Armas del Cusco,San Blas,Bajo,No,3400,Descanso previo,Auto,Photo Tour,Bajo,Sí,Sí
27,Uruguay,Español,Medio,5,Cultural,No,No,No,Sí,No,Sí,Sí,Plaza de Armas del Cusco,Qorikancha,Bajo,No,3400,Evitar alcohol,Bus,City Tour,Bajo,Sí,Sí
36,Australia,Inglés,Alto,7,Relajación,No,No,No,Sí,No,Sí,Sí,Plaza de Armas del Cusco,Catedral del Cusco,Bajo,No,3300,Hidratación adecuada,Auto,Tour Relax,Bajo,Sí,Sí
23,Ecuador,Español,Económico,3,Mochilero,No,No,No,Sí,No,Sí,Sí,Plaza de Armas del Cusco,Mercado San Pedro,Bajo,No,3300,Consumir líquidos,Bus,Backpacker,Bajo,Sí,Sí
44,Corea del Sur,Coreano,Alto,9,Fotografía,No,No,No,Sí,No,Sí,Sí,Plaza de Armas del Cusco,San Blas,Bajo,No,3400,Usar protector solar,Auto,Photo Tour,Bajo,Sí,Sí
30,Paraguay,Español,Medio,5,Cultural,No,No,No,Sí,No,Sí,Sí,Plaza de Armas del Cusco,Qorikancha,Bajo,No,3400,Hidratación constante,Bus,City Tour,Bajo,Sí,Sí
38,Portugal,Portugués,Alto,6,Relajación,No,No,No,Sí,No,Sí,Sí,Plaza de Armas del Cusco,Catedral del Cusco,Bajo,No,3300,Evitar alcohol,Auto,Tour Relax,Bajo,Sí,Sí
22,Venezuela,Español,Económico,3,Mochilero,No,No,No,Sí,No,Sí,Sí,Plaza de Armas del Cusco,Mercado San Pedro,Bajo,No,3300,Consumir líquidos,Bus,Backpacker,Bajo,Sí,Sí
40,China,Chino,Alto,8,Fotografía,No,No,No,Sí,No,Sí,Sí,Plaza de Armas del Cusco,San Blas,Bajo,No,3400,Usar bloqueador,Auto,Photo Tour,Bajo,Sí,Sí
28,Costa Rica,Español,Medio,5,Cultural,No,No,No,Sí,No,Sí,Sí,Plaza de Armas del Cusco,Qorikancha,Bajo,No,3400,Hidratación adecuada,Bus,City Tour,Bajo,Sí,Sí
27,Suiza,Alemán,Alto,7,Fotografía,No,No,No,Sí,No,Sí,Sí,Plaza de Armas del Cusco,San Blas,Bajo,No,3400,Descanso previo,Auto,Photo Tour,Bajo,Sí,Sí
34,Perú,Español,Medio,4,Cultural,No,No,No,Sí,No,Sí,Sí,Plaza de Armas del Cusco,Catedral del Cusco,Bajo,No,3400,Evitar alcohol,Bus,Tour Histórico,Bajo,Sí,Sí
42,Estados Unidos,Inglés,Alto,8,Relajación,Sí,No,No,Sí,No,Sí,Sí,Plaza de Armas del Cusco,San Blas,Bajo,No,3200,Consulta médica,Auto,Tour Relax,Bajo,Sí,Sí
21,Chile,Español,Económico,2,Mochilero,No,No,No,Sí,No,Sí,Sí,Plaza de Armas del Cusco,Mercado San Pedro,Bajo,No,3300,Consumir líquidos,Bus,Backpacker,Bajo,Sí,Sí
46,Francia,Francés,Alto,9,Relajación,Sí,Sí,No,Sí,No,Sí,Sí,Plaza de Armas del Cusco,Catedral del Cusco,Bajo,No,3200,Descanso constante,Auto,Tour Relax,Bajo,Sí,Sí
32,México,Español,Medio,6,Cultural,No,No,No,Sí,No,Sí,Sí,Plaza de Armas del Cusco,Qorikancha,Bajo,No,3400,Usar protector solar,Bus,City Tour,Bajo,Sí,Sí
29,Perú,Español,Medio,5,Gastronómico,No,No,No,Sí,No,Sí,Sí,Plaza de Armas del Cusco,San Blas,Bajo,No,3400,Hidratación adecuada,Bus,Food Tour,Bajo,Sí,Sí
35,Argentina,Español,Alto,7,Fotografía,No,No,No,Sí,No,Sí,Sí,Plaza de Armas del Cusco,Catedral del Cusco,Bajo,No,3400,Usar bloqueador,Auto,Photo Tour,Bajo,Sí,Sí
24,Brasil,Portugués,Económico,3,Mochilero,No,No,No,Sí,No,Sí,Sí,Plaza de Armas del Cusco,Mercado San Pedro,Bajo,No,3300,Consumir líquidos,Bus,Backpacker,Bajo,Sí,Sí
39,Canadá,Inglés,Alto,8,Relajación,Sí,No,No,Sí,No,Sí,Sí,Plaza de Armas del Cusco,San Blas,Bajo,No,3200,Consulta médica,Auto,Tour Relax,Bajo,Sí,Sí
28,Italia,Italiano,Medio,5,Cultural,No,No,No,Sí,No,Sí,Sí,Plaza de Armas del Cusco,Qorikancha,Bajo,No,3400,Hidratación constante,Bus,City Tour,Bajo,Sí,Sí
26,Colombia,Español,Económico,4,Mochilero,No,No,No,Sí,No,Sí,Sí,Plaza de Armas del Cusco,Mercado San Pedro,Bajo,No,3300,Consumir mate de coca,Bus,Backpacker,Bajo,Sí,Sí
44,Japón,Japonés,Alto,9,Fotografía,No,No,No,Sí,No,Sí,Sí,Plaza de Armas del Cusco,San Blas,Bajo,No,3400,Descanso previo,Auto,Photo Tour,Bajo,Sí,Sí
31,Alemania,Alemán,Alto,6,Cultural,No,No,No,Sí,No,Sí,Sí,Plaza de Armas del Cusco,Catedral del Cusco,Bajo,No,3400,Evitar alcohol,Bus,Tour Histórico,Bajo,Sí,Sí
20,Bolivia,Español,Económico,2,Mochilero,No,No,No,Sí,No,Sí,Sí,Plaza de Armas del Cusco,Mercado San Pedro,Bajo,No,3300,Consumir líquidos,Bus,Backpacker,Bajo,Sí,Sí
45,Reino Unido,Inglés,Alto,8,Relajación,Sí,Sí,No,Sí,No,Sí,Sí,Plaza de Armas del Cusco,Qorikancha,Bajo,No,3200,Consulta médica,Auto,Tour Relax,Bajo,Sí,Sí
29,Uruguay,Español,Medio,5,Cultural,No,No,No,Sí,No,Sí,Sí,Plaza de Armas del Cusco,San Blas,Bajo,No,3400,Hidratación adecuada,Bus,City Tour,Bajo,Sí,Sí
37,Australia,Inglés,Alto,7,Fotografía,No,No,No,Sí,No,Sí,Sí,Plaza de Armas del Cusco,Catedral del Cusco,Bajo,No,3400,Usar protector solar,Auto,Photo Tour,Bajo,Sí,Sí
23,Ecuador,Español,Económico,3,Mochilero,No,No,No,Sí,No,Sí,Sí,Plaza de Armas del Cusco,Mercado San Pedro,Bajo,No,3300,Consumir líquidos,Bus,Backpacker,Bajo,Sí,Sí
41,Corea del Sur,Coreano,Alto,9,Relajación,Sí,No,No,Sí,No,Sí,Sí,Plaza de Armas del Cusco,Qorikancha,Bajo,No,3200,Descanso previo,Auto,Tour Relax,Bajo,Sí,Sí
30,Paraguay,Español,Medio,5,Cultural,No,No,No,Sí,No,Sí,Sí,Plaza de Armas del Cusco,San Blas,Bajo,No,3400,Evitar alcohol,Bus,City Tour,Bajo,Sí,Sí
38,Portugal,Portugués,Alto,6,Fotografía,No,No,No,Sí,No,Sí,Sí,Plaza de Armas del Cusco,Catedral del Cusco,Bajo,No,3400,Hidratación constante,Auto,Photo Tour,Bajo,Sí,Sí
22,Venezuela,Español,Económico,3,Mochilero,No,No,No,Sí,No,Sí,Sí,Plaza de Armas del Cusco,Mercado San Pedro,Bajo,No,3300,Consumir líquidos,Bus,Backpacker,Bajo,Sí,Sí
40,China,Chino,Alto,8,Relajación,Sí,No,No,Sí,No,Sí,Sí,Plaza de Armas del Cusco,San Blas,Bajo,No,3200,Consulta médica,Auto,Tour Relax,Bajo,Sí,Sí
28,Costa Rica,Español,Medio,5,Cultural,No,No,No,Sí,No,Sí,Sí,Plaza de Armas del Cusco,Qorikancha,Bajo,No,3400,Hidratación adecuada,Bus,City Tour,Bajo,Sí,Sí
26,Perú,Español,Medio,4,Gastronómico,No,No,No,Sí,No,No,Sí,Mercado de San Pedro,Centro Histórico de Cusco,Bajo,No,3400,Hidratación adecuada,Bus,Food Tour Cusco,Bajo,Sí,Sí
34,Estados Unidos,Inglés,Alto,7,Fotografía,No,No,Sí,Sí,No,Sí,Sí,Mercado de San Pedro,Barrio de San Blas,Bajo,Sí,3500,Aclimatación ligera,Bus + Caminata,Photo Market Tour,Bajo,Sí,Sí
22,Argentina,Español,Económico,3,Mochilero,No,No,No,Sí,No,No,Sí,Mercado de San Pedro,Plaza de Armas del Cusco,Bajo,No,3300,Consumir líquidos,Bus,Backpacker Food Route,Bajo,Sí,Sí
41,Canadá,Inglés,Alto,8,Cultural,No,No,No,Sí,No,Sí,Sí,Mercado de San Pedro,Qorikancha,Bajo,Sí,3500,Descanso previo,Bus,Cusco Heritage Market,Bajo,Sí,Sí
29,Brasil,Portugués,Medio,5,Gastronómico,No,No,Sí,Sí,No,No,Sí,Mercado de San Pedro,Catedral del Cusco,Bajo,No,3400,Hidratación constante,Bus,Local Food Experience,Bajo,Sí,Sí
37,Alemania,Alemán,Alto,9,Fotografía,No,No,No,Sí,No,Sí,Sí,Mercado de San Pedro,Piedra de los 12 Ángulos,Bajo,Sí,3500,Usar protector solar,Bus + Caminata,Andes Market Tour,Bajo,Sí,Sí
24,Chile,Español,Económico,4,Cultural,No,No,No,Sí,No,Sí,No,Mercado de San Pedro,Sacsayhuamán,Bajo,No,3300,Consumir mate de coca,Bus,City Food Tour,Bajo,Sí,Sí
33,Francia,Francés,Alto,7,Fotografía,No,No,Sí,Sí,No,Sí,Sí,Mercado de San Pedro,Museo Inka,Bajo,Sí,3450,Aclimatación previa,Bus,Colonial Food Walk,Bajo,Sí,Sí
28,México,Español,Medio,5,Cultural,No,No,No,Sí,No,Sí,Sí,Mercado de San Pedro,San Blas,Bajo,No,3400,Descanso moderado,Bus,Tour Histórico y Gastronómico,Bajo,Sí,Sí
45,Reino Unido,Inglés,Alto,10,Fotografía,No,No,Sí,Sí,No,Sí,Sí,Mercado de San Pedro,Centro Histórico de Cusco,Bajo,Sí,3500,Aclimatación recomendada,Bus + Caminata,Cusco Premium Food Tour,Bajo,Sí,Sí
21,Colombia,Español,Económico,3,Mochilero,No,No,No,Sí,No,No,Sí,Mercado de San Pedro,Plaza Regocijo,Bajo,No,3300,Hidratación básica,Bus,City Backpacker,Bajo,Sí,Sí
39,Japón,Japonés,Alto,8,Fotografía,No,No,Sí,Sí,No,Sí,Sí,Mercado de San Pedro,Qorikancha,Bajo,Sí,3500,Llevar snacks energéticos,Bus + Caminata,Photo Heritage Tour,Bajo,Sí,Sí
30,España,Español,Medio,6,Cultural,No,No,No,Sí,No,Sí,Sí,Mercado de San Pedro,Catedral del Cusco,Bajo,No,3400,Hidratación constante,Bus,Ruta Colonial y Mercado,Bajo,Sí,Sí
36,China,Chino,Alto,9,Fotografía,No,No,No,Sí,No,Sí,Sí,Mercado de San Pedro,Piedra de los 12 Ángulos,Bajo,Sí,3500,Aclimatación previa,Bus,Andes Market Experience,Bajo,Sí,Sí
25,Perú,Español,Económico,4,Gastronómico,No,No,No,Sí,No,No,Sí,Mercado de San Pedro,Plaza de Armas del Cusco,Bajo,No,3300,Consumir agua,Bus,Cusco Sabores,Bajo,Sí,Sí
42,Italia,Italiano,Alto,8,Cultural,No,No,Sí,Sí,No,Sí,Sí,Mercado de San Pedro,Museo Inka,Bajo,Sí,3450,Descansar antes del tour,Bus + Caminata,Heritage Market Experience,Bajo,Sí,Sí
31,Corea del Sur,Coreano,Alto,7,Fotografía,No,No,No,Sí,No,Sí,Sí,Mercado de San Pedro,Centro Histórico de Cusco,Bajo,Sí,3450,Hidratación continua,Bus,Cultural Photo Market,Bajo,Sí,Sí
23,Bolivia,Español,Económico,3,Mochilero,No,No,No,Sí,No,No,Sí,Mercado de San Pedro,Plaza de Armas del Cusco,Bajo,No,3300,Descansar correctamente,Bus,Tour Económico,Bajo,Sí,Sí
46,Suiza,Alemán,Alto,10,Cultural,No,No,Sí,Sí,No,Sí,Sí,Mercado de San Pedro,Qorikancha,Bajo,Sí,3500,Preparación ligera,Bus,Premium History Tour,Bajo,Sí,Sí
27,Ecuador,Español,Medio,5,Cultural,No,No,No,Sí,No,Sí,Sí,Mercado de San Pedro,Qenqo,Bajo,No,3400,Evitar comidas pesadas,Bus,Circuito Cultural,Bajo,Sí,Sí
35,Países Bajos,Inglés,Alto,8,Fotografía,No,No,No,Sí,No,Sí,Sí,Mercado de San Pedro,Sacsayhuamán,Bajo,Sí,3500,Hidratación y descanso,Bus + Caminata,City Photo Tour,Bajo,Sí,Sí
24,Venezuela,Español,Económico,4,Aventura,No,No,Sí,Sí,No,No,Sí,Mercado de San Pedro,Catedral del Cusco,Bajo,No,3300,Consumir líquidos,Bus,Ruta Cultural,Bajo,Sí,Sí
47,Noruega,Inglés,Alto,10,Fotografía,No,No,No,Sí,No,Sí,Sí,Mercado de San Pedro,Centro Histórico de Cusco,Bajo,Sí,3500,Aclimatación obligatoria,Bus,Cultural Premium,Bajo,Sí,Sí
28,Portugal,Portugués,Medio,5,Cultural,No,No,No,Sí,No,Sí,Sí,Mercado de San Pedro,Plaza de Armas del Cusco,Bajo,No,3400,Evitar alcohol,Bus,Ruta Cusco Colonial,Bajo,Sí,Sí
32,Israel,Hebreo,Alto,8,Fotografía,No,No,Sí,Sí,No,Sí,Sí,Mercado de San Pedro,Qorikancha,Bajo,Sí,3450,Descanso previo,Bus,Andes Heritage Tour,Bajo,Sí,Sí
26,Uruguay,Español,Económico,3,Mochilero,No,No,No,Sí,No,No,Sí,Mercado de San Pedro,Plaza Regocijo,Bajo,No,3300,Hidratación básica,Bus,City Backpacker,Bajo,Sí,Sí
40,Irlanda,Inglés,Alto,9,Cultural,No,No,No,Sí,No,Sí,Sí,Mercado de San Pedro,Museo Inka,Bajo,Sí,3500,Consumir agua frecuentemente,Bus,Cultural Discovery,Bajo,Sí,Sí
29,Sudáfrica,Inglés,Medio,6,Fotografía,No,No,No,Sí,No,Sí,Sí,Mercado de San Pedro,Centro Histórico de Cusco,Bajo,Sí,3450,Usar bloqueador solar,Bus + Caminata,City Adventure,Bajo,Sí,Sí
34,Filipinas,Inglés,Medio,5,Cultural,No,No,Sí,Sí,No,Sí,Sí,Mercado de San Pedro,Qorikancha,Bajo,No,3400,Medicamentos básicos,Bus,Cultural Andes,Bajo,Sí,Sí
31,Marruecos,Árabe,Económico,4,Gastronómico,No,No,No,Sí,No,No,Sí,Mercado de San Pedro,Plaza de Armas del Cusco,Bajo,No,3300,Descanso moderado,Bus,Food Experience,Bajo,Sí,Sí
43,Suecia,Inglés,Alto,11,Fotografía,No,No,No,Sí,No,Sí,Sí,Mercado de San Pedro,Sacsayhuamán,Bajo,Sí,3500,Aclimatación y descanso,Bus,Colonial Explorer,Bajo,Sí,Sí
27,Indonesia,Indonesio,Medio,6,Cultural,No,No,Sí,Sí,No,Sí,Sí,Mercado de San Pedro,Piedra de los 12 Ángulos,Bajo,Sí,3450,Hidratación permanente,Bus + Caminata,City Heritage,Bajo,Sí,Sí
38,Dinamarca,Inglés,Alto,9,Fotografía,No,No,No,Sí,No,Sí,Sí,Mercado de San Pedro,Catedral del Cusco,Bajo,Sí,3500,Preparación ligera,Bus,Historic Cusco Tour,Bajo,Sí,Sí
22,Paraguay,Español,Económico,3,Cultural,No,No,No,Sí,No,No,Sí,Mercado de San Pedro,Plaza Regocijo,Bajo,No,3300,Consumir agua,Bus,Tour Histórico,Bajo,Sí,Sí
45,Austria,Alemán,Alto,10,Fotografía,Sí,No,Sí,Sí,No,Sí,Sí,Mercado de San Pedro,Qorikancha,Bajo,Sí,3450,Consulta médica,Bus,Cultural Premium,Bajo,Sí,Sí
30,Costa Rica,Español,Medio,6,Cultural,No,No,No,Sí,No,Sí,Sí,Mercado de San Pedro,Centro Histórico de Cusco,Bajo,No,3400,Hidratación adecuada,Bus,Ruta Colonial,Bajo,Sí,Sí
25,Nueva Zelanda,Inglés,Alto,8,Fotografía,No,No,No,Sí,No,Sí,Sí,Mercado de San Pedro,San Blas,Bajo,Sí,3500,Ropa cómoda,Bus + Caminata,Photo Walk,Bajo,Sí,Sí
37,Rusia,Ruso,Alto,9,Cultural,No,No,Sí,Sí,No,Sí,Sí,Mercado de San Pedro,Catedral del Cusco,Bajo,Sí,3500,Aclimatación previa,Bus,Cusco Imperial,Bajo,Sí,Sí
28,Perú,Español,Medio,5,Gastronómico,No,No,No,Sí,No,No,Sí,Mercado de San Pedro,Plaza de Armas del Cusco,Bajo,No,3350,Consumir mate de coca,Bus,Tour Gastronómico,Bajo,Sí,Sí
36,Finlandia,Inglés,Alto,8,Fotografía,No,No,Sí,Sí,No,Sí,Sí,Mercado de San Pedro,Piedra de los 12 Ángulos,Bajo,Sí,3450,Hidratación continua,Bus,Andes Photo Tour,Bajo,Sí,Sí
23,Perú,Español,Económico,3,Mochilero,No,No,No,Sí,No,No,Sí,Mercado de San Pedro,Centro Histórico de Cusco,Bajo,No,3300,Descanso adecuado,Bus,City Budget,Bajo,Sí,Sí
48,Hungría,Húngaro,Alto,11,Cultural,Sí,No,No,Sí,No,Sí,Sí,Mercado de San Pedro,Qorikancha,Bajo,Sí,3450,Control médico,Bus,Heritage Andes,Bajo,Sí,Sí
31,Tailandia,Tailandés,Medio,6,Fotografía,No,No,Sí,Sí,No,Sí,Sí,Mercado de San Pedro,Centro Histórico de Cusco,Bajo,Sí,3450,Hidratación y descanso,Bus + Caminata,Cusco Colors,Bajo,Sí,Sí
35,Estados Unidos,Inglés,Alto,10,Cultural,No,No,No,Sí,No,Sí,Sí,Mercado de San Pedro,Museo Inka,Bajo,Sí,3500,Preparación ligera,Bus,Peru History Tour,Bajo,Sí,Sí
24,Perú,Español,Económico,4,Gastronómico,No,No,No,Sí,No,No,Sí,Mercado de San Pedro,San Pedro,Bajo,No,3300,Consumir líquidos,Bus,Cusco Sabores,Bajo,Sí,Sí
41,Canadá,Inglés,Alto,9,Fotografía,No,No,Sí,Sí,No,Sí,Sí,Mercado de San Pedro,Catedral del Cusco,Bajo,Sí,3500,Aclimatación previa,Bus,Colonial Photo Tour,Bajo,Sí,Sí
27,España,Español,Medio,5,Cultural,No,No,No,Sí,No,Sí,Sí,Mercado de San Pedro,Qorikancha,Bajo,No,3400,Hidratación constante,Bus,Cultural Adventure,Bajo,Sí,Sí
42,Brasil,Portugués,Alto,8,Fotografía,No,No,No,Sí,No,Sí,Sí,Mercado de San Pedro,Sacsayhuamán,Bajo,Sí,3500,Ropa adecuada,Bus,Photo Premium,Bajo,Sí,Sí
29,Turquía,Turco,Medio,6,Cultural,No,No,Sí,Sí,No,Sí,Sí,Mercado de San Pedro,Pisac,Bajo,Sí,3450,Llevar medicamentos,Bus + Caminata,Andes Tour,Bajo,Sí,Sí
38,India,Inglés,Alto,9,Fotografía,No,No,No,Sí,No,Sí,Sí,Mercado de San Pedro,Maras,Bajo,Sí,3500,Usar ropa ligera,Bus,City Explorer,Bajo,Sí,Sí
22,Bolivia,Español,Económico,3,Mochilero,No,No,No,Sí,No,No,Sí,Mercado de San Pedro,Plaza de Armas del Cusco,Bajo,No,3300,Hidratación adecuada,Bus,Backpacker Peru,Bajo,Sí,Sí
44,Bélgica,Francés,Alto,8,Cultural,No,No,No,Sí,No,Sí,Sí,Mercado de San Pedro,Catedral del Cusco,Bajo,Sí,3450,Control médico,Bus,Cultural Andes,Bajo,Sí,Sí
27,Perú,Español,Medio,4,Cultural,No,No,No,Sí,No,Sí,Sí,Catedral del Cusco,Plaza de Armas del Cusco,Bajo,No,3400,Hidratación adecuada,Bus,Tour Histórico,Bajo,Sí,Sí
34,Argentina,Español,Alto,6,Fotografía,No,No,No,Sí,No,Sí,Sí,Catedral del Cusco,San Blas,Bajo,No,3400,Usar bloqueador,Auto,Photo Tour,Bajo,Sí,Sí
22,Chile,Español,Económico,3,Mochilero,No,No,No,Sí,No,Sí,Sí,Catedral del Cusco,Mercado San Pedro,Bajo,No,3300,Consumir líquidos,Bus,Backpacker,Bajo,Sí,Sí
46,Estados Unidos,Inglés,Alto,8,Cultural,Sí,No,No,Sí,No,Sí,Sí,Catedral del Cusco,Qorikancha,Bajo,No,3300,Descanso previo,Auto,Tour Histórico,Bajo,Sí,Sí
29,Brasil,Portugués,Medio,5,Gastronómico,No,No,No,Sí,No,Sí,Sí,Catedral del Cusco,San Blas,Bajo,No,3400,Hidratación constante,Bus,Food Tour,Bajo,Sí,Sí
38,Canadá,Inglés,Alto,7,Fotografía,No,No,No,Sí,No,Sí,Sí,Catedral del Cusco,Plaza de Armas del Cusco,Bajo,No,3400,Usar protector solar,Auto,Photo Tour,Bajo,Sí,Sí
25,México,Español,Medio,4,Cultural,No,No,No,Sí,No,Sí,Sí,Catedral del Cusco,Sacsayhuamán,Bajo,No,3400,Evitar alcohol,Bus,City Tour,Bajo,Sí,Sí
33,Francia,Francés,Alto,6,Relajación,No,No,Sí,Sí,No,Sí,Sí,Catedral del Cusco,San Blas,Bajo,No,3300,Hidratación adecuada,Auto,Tour Relax,Bajo,Sí,Sí
21,Colombia,Español,Económico,3,Mochilero,No,No,No,Sí,No,Sí,Sí,Catedral del Cusco,Mercado San Pedro,Bajo,No,3300,Consumir mate de coca,Bus,Backpacker,Bajo,Sí,Sí
49,Japón,Japonés,Alto,9,Relajación,Sí,Sí,No,Sí,No,Sí,Sí,Catedral del Cusco,Qorikancha,Bajo,No,3200,Consulta médica,Auto,Tour Relax,Bajo,Sí,Sí
24,Bolivia,Español,Medio,4,Cultural,No,No,No,Sí,No,Sí,Sí,Catedral del Cusco,Plaza de Armas del Cusco,Bajo,No,3400,Hidratación adecuada,Bus,City Tour,Bajo,Sí,Sí
40,Italia,Italiano,Alto,7,Fotografía,No,No,No,Sí,No,Sí,Sí,Catedral del Cusco,San Blas,Bajo,No,3400,Usar bloqueador,Auto,Photo Tour,Bajo,Sí,Sí
35,Alemania,Alemán,Alto,6,Cultural,No,No,No,Sí,No,Sí,Sí,Catedral del Cusco,Qorikancha,Bajo,No,3400,Hidratación constante,Bus,Tour Histórico,Bajo,Sí,Sí
20,Perú,Español,Económico,2,Mochilero,No,No,No,Sí,No,Sí,Sí,Catedral del Cusco,Mercado San Pedro,Bajo,No,3300,Consumir líquidos,Bus,Backpacker,Bajo,Sí,Sí
44,Reino Unido,Inglés,Alto,8,Fotografía,No,No,No,Sí,No,Sí,Sí,Catedral del Cusco,San Blas,Bajo,No,3400,Descanso previo,Auto,Photo Tour,Bajo,Sí,Sí
28,Uruguay,Español,Medio,5,Cultural,No,No,No,Sí,No,Sí,Sí,Catedral del Cusco,Plaza de Armas del Cusco,Bajo,No,3400,Evitar alcohol,Bus,City Tour,Bajo,Sí,Sí
37,Australia,Inglés,Alto,7,Relajación,No,No,No,Sí,No,Sí,Sí,Catedral del Cusco,Qorikancha,Bajo,No,3300,Hidratación adecuada,Auto,Tour Relax,Bajo,Sí,Sí
23,Ecuador,Español,Económico,3,Mochilero,No,No,No,Sí,No,Sí,Sí,Catedral del Cusco,Mercado San Pedro,Bajo,No,3300,Consumir líquidos,Bus,Backpacker,Bajo,Sí,Sí
45,Corea del Sur,Coreano,Alto,9,Fotografía,No,No,No,Sí,No,Sí,Sí,Catedral del Cusco,San Blas,Bajo,No,3400,Usar protector solar,Auto,Photo Tour,Bajo,Sí,Sí
30,Paraguay,Español,Medio,5,Cultural,No,No,No,Sí,No,Sí,Sí,Catedral del Cusco,Plaza de Armas del Cusco,Bajo,No,3400,Hidratación constante,Bus,City Tour,Bajo,Sí,Sí
39,Portugal,Portugués,Alto,6,Relajación,No,No,No,Sí,No,Sí,Sí,Catedral del Cusco,Qorikancha,Bajo,No,3300,Evitar alcohol,Auto,Tour Relax,Bajo,Sí,Sí
22,Venezuela,Español,Económico,3,Mochilero,No,No,No,Sí,No,Sí,Sí,Catedral del Cusco,Mercado San Pedro,Bajo,No,3300,Consumir líquidos,Bus,Backpacker,Bajo,Sí,Sí
41,China,Chino,Alto,8,Fotografía,No,No,No,Sí,No,Sí,Sí,Catedral del Cusco,San Blas,Bajo,No,3400,Usar bloqueador,Auto,Photo Tour,Bajo,Sí,Sí
29,Costa Rica,Español,Medio,5,Cultural,No,No,No,Sí,No,Sí,Sí,Catedral del Cusco,Plaza de Armas del Cusco,Bajo,No,3400,Hidratación adecuada,Bus,City Tour,Bajo,Sí,Sí
27,Suiza,Alemán,Alto,7,Fotografía,No,No,No,Sí,No,Sí,Sí,Catedral del Cusco,San Blas,Bajo,No,3400,Descanso previo,Auto,Photo Tour,Bajo,Sí,Sí
34,Perú,Español,Medio,4,Cultural,No,No,No,Sí,No,Sí,Sí,Catedral del Cusco,Qorikancha,Bajo,No,3400,Evitar alcohol,Bus,Tour Histórico,Bajo,Sí,Sí
43,Estados Unidos,Inglés,Alto,8,Relajación,Sí,No,No,Sí,No,Sí,Sí,Catedral del Cusco,San Blas,Bajo,No,3200,Consulta médica,Auto,Tour Relax,Bajo,Sí,Sí
21,Chile,Español,Económico,2,Mochilero,No,No,No,Sí,No,Sí,Sí,Catedral del Cusco,Mercado San Pedro,Bajo,No,3300,Consumir líquidos,Bus,Backpacker,Bajo,Sí,Sí
47,Francia,Francés,Alto,9,Relajación,Sí,Sí,No,Sí,No,Sí,Sí,Catedral del Cusco,Qorikancha,Bajo,No,3200,Descanso constante,Auto,Tour Relax,Bajo,Sí,Sí
32,México,Español,Medio,6,Cultural,No,No,No,Sí,No,Sí,Sí,Catedral del Cusco,Plaza de Armas del Cusco,Bajo,No,3400,Usar protector solar,Bus,City Tour,Bajo,Sí,Sí
29,Perú,Español,Medio,5,Gastronómico,No,No,No,Sí,No,Sí,Sí,Catedral del Cusco,San Blas,Bajo,No,3400,Hidratación adecuada,Bus,Food Tour,Bajo,Sí,Sí
36,Argentina,Español,Alto,7,Fotografía,No,No,No,Sí,No,Sí,Sí,Catedral del Cusco,Qorikancha,Bajo,No,3400,Usar bloqueador,Auto,Photo Tour,Bajo,Sí,Sí
24,Brasil,Portugués,Económico,3,Mochilero,No,No,No,Sí,No,Sí,Sí,Catedral del Cusco,Mercado San Pedro,Bajo,No,3300,Consumir líquidos,Bus,Backpacker,Bajo,Sí,Sí
40,Canadá,Inglés,Alto,8,Relajación,Sí,No,No,Sí,No,Sí,Sí,Catedral del Cusco,San Blas,Bajo,No,3200,Consulta médica,Auto,Tour Relax,Bajo,Sí,Sí
28,Italia,Italiano,Medio,5,Cultural,No,No,No,Sí,No,Sí,Sí,Catedral del Cusco,Plaza de Armas del Cusco,Bajo,No,3400,Hidratación constante,Bus,City Tour,Bajo,Sí,Sí
26,Colombia,Español,Económico,4,Mochilero,No,No,No,Sí,No,Sí,Sí,Catedral del Cusco,Mercado San Pedro,Bajo,No,3300,Consumir mate de coca,Bus,Backpacker,Bajo,Sí,Sí
45,Japón,Japonés,Alto,9,Fotografía,No,No,No,Sí,No,Sí,Sí,Catedral del Cusco,San Blas,Bajo,No,3400,Descanso previo,Auto,Photo Tour,Bajo,Sí,Sí
31,Alemania,Alemán,Alto,6,Cultural,No,No,No,Sí,No,Sí,Sí,Catedral del Cusco,Qorikancha,Bajo,No,3400,Evitar alcohol,Bus,Tour Histórico,Bajo,Sí,Sí
20,Bolivia,Español,Económico,2,Mochilero,No,No,No,Sí,No,Sí,Sí,Catedral del Cusco,Mercado San Pedro,Bajo,No,3300,Consumir líquidos,Bus,Backpacker,Bajo,Sí,Sí
46,Reino Unido,Inglés,Alto,8,Relajación,Sí,Sí,No,Sí,No,Sí,Sí,Catedral del Cusco,Plaza de Armas del Cusco,Bajo,No,3200,Consulta médica,Auto,Tour Relax,Bajo,Sí,Sí
30,Uruguay,Español,Medio,5,Cultural,No,No,No,Sí,No,Sí,Sí,Catedral del Cusco,San Blas,Bajo,No,3400,Hidratación adecuada,Bus,City Tour,Bajo,Sí,Sí
38,Australia,Inglés,Alto,7,Fotografía,No,No,No,Sí,No,Sí,Sí,Catedral del Cusco,Qorikancha,Bajo,No,3400,Usar protector solar,Auto,Photo Tour,Bajo,Sí,Sí
23,Ecuador,Español,Económico,3,Mochilero,No,No,No,Sí,No,Sí,Sí,Catedral del Cusco,Mercado San Pedro,Bajo,No,3300,Consumir líquidos,Bus,Backpacker,Bajo,Sí,Sí
42,Corea del Sur,Coreano,Alto,9,Relajación,Sí,No,No,Sí,No,Sí,Sí,Catedral del Cusco,Plaza de Armas del Cusco,Bajo,No,3200,Descanso previo,Auto,Tour Relax,Bajo,Sí,Sí
29,Paraguay,Español,Medio,5,Cultural,No,No,No,Sí,No,Sí,Sí,Catedral del Cusco,San Blas,Bajo,No,3400,Evitar alcohol,Bus,City Tour,Bajo,Sí,Sí
39,Portugal,Portugués,Alto,6,Fotografía,No,No,No,Sí,No,Sí,Sí,Catedral del Cusco,Qorikancha,Bajo,No,3400,Hidratación constante,Auto,Photo Tour,Bajo,Sí,Sí
22,Venezuela,Español,Económico,3,Mochilero,No,No,No,Sí,No,Sí,Sí,Catedral del Cusco,Mercado San Pedro,Bajo,No,3300,Consumir líquidos,Bus,Backpacker,Bajo,Sí,Sí
41,China,Chino,Alto,8,Relajación,Sí,No,No,Sí,No,Sí,Sí,Catedral del Cusco,San Blas,Bajo,No,3200,Consulta médica,Auto,Tour Relax,Bajo,Sí,Sí
28,Costa Rica,Español,Medio,5,Cultural,No,No,No,Sí,No,Sí,Sí,Catedral del Cusco,Plaza de Armas del Cusco,Bajo,No,3400,Hidratación adecuada,Bus,City Tour,Bajo,Sí,Sí
27,Perú,Español,Medio,4,Cultural,No,No,No,Sí,No,Sí,Sí,Piedra de los 12 Ángulos,Centro Histórico de Cusco,Bajo,No,3400,Hidratación adecuada,Bus,City Tour Cusco,Bajo,Sí,Sí
35,Estados Unidos,Inglés,Alto,7,Fotografía,No,No,Sí,Sí,No,Sí,Sí,Piedra de los 12 Ángulos,Qorikancha,Bajo,Sí,3500,Aclimatación ligera,Bus + Caminata,Historic Photo Tour,Bajo,Sí,Sí
22,Argentina,Español,Económico,3,Mochilero,No,No,No,Sí,No,No,Sí,Piedra de los 12 Ángulos,Plaza de Armas del Cusco,Bajo,No,3300,Consumir líquidos,Bus,Backpacker Histórico,Bajo,Sí,Sí
41,Canadá,Inglés,Alto,8,Cultural,No,No,No,Sí,No,Sí,Sí,Piedra de los 12 Ángulos,Catedral del Cusco,Bajo,Sí,3500,Descanso previo,Bus,Heritage Cusco Tour,Bajo,Sí,Sí
29,Brasil,Portugués,Medio,5,Fotografía,No,No,Sí,Sí,No,Sí,Sí,Piedra de los 12 Ángulos,Barrio de San Blas,Bajo,No,3400,Hidratación constante,Bus,Colonial Walk,Bajo,Sí,Sí
38,Alemania,Alemán,Alto,9,Cultural,No,No,No,Sí,No,Sí,Sí,Piedra de los 12 Ángulos,Museo Inka,Bajo,Sí,3500,Usar protector solar,Bus + Caminata,Ruta Imperial,Bajo,Sí,Sí
24,Chile,Español,Económico,4,Cultural,No,No,No,Sí,No,Sí,No,Piedra de los 12 Ángulos,Sacsayhuamán,Bajo,No,3300,Consumir mate de coca,Bus,City Heritage,Bajo,Sí,Sí
33,Francia,Francés,Alto,7,Fotografía,No,No,Sí,Sí,No,Sí,Sí,Piedra de los 12 Ángulos,Qenqo,Bajo,Sí,3450,Aclimatación previa,Bus,Cusco Histórico,Bajo,Sí,Sí
28,México,Español,Medio,5,Cultural,No,No,No,Sí,No,Sí,Sí,Piedra de los 12 Ángulos,Centro Histórico de Cusco,Bajo,No,3400,Descanso moderado,Bus,Tour Tradicional,Bajo,Sí,Sí
45,Reino Unido,Inglés,Alto,10,Fotografía,No,No,Sí,Sí,No,Sí,Sí,Piedra de los 12 Ángulos,Qorikancha,Bajo,Sí,3500,Aclimatación recomendada,Bus + Caminata,Premium History Walk,Bajo,Sí,Sí
21,Colombia,Español,Económico,3,Mochilero,No,No,No,Sí,No,No,Sí,Piedra de los 12 Ángulos,Plaza Regocijo,Bajo,No,3300,Hidratación básica,Bus,City Backpacker,Bajo,Sí,Sí
39,Japón,Japonés,Alto,8,Fotografía,No,No,Sí,Sí,No,Sí,Sí,Piedra de los 12 Ángulos,Catedral del Cusco,Bajo,Sí,3500,Llevar snacks energéticos,Bus + Caminata,Photo Heritage Tour,Bajo,Sí,Sí
30,España,Español,Medio,6,Cultural,No,No,No,Sí,No,Sí,Sí,Piedra de los 12 Ángulos,San Blas,Bajo,No,3400,Hidratación constante,Bus,Ruta Colonial,Bajo,Sí,Sí
36,China,Chino,Alto,9,Fotografía,No,No,No,Sí,No,Sí,Sí,Piedra de los 12 Ángulos,Qorikancha,Bajo,Sí,3500,Aclimatación previa,Bus,Andes History Tour,Bajo,Sí,Sí
25,Perú,Español,Económico,4,Cultural,No,No,No,Sí,No,No,Sí,Piedra de los 12 Ángulos,Plaza de Armas del Cusco,Bajo,No,3300,Consumir agua,Bus,City Explorer,Bajo,Sí,Sí
42,Italia,Italiano,Alto,8,Fotografía,No,No,Sí,Sí,No,Sí,Sí,Piedra de los 12 Ángulos,Museo Inka,Bajo,Sí,3450,Descansar antes del tour,Bus + Caminata,Heritage Experience,Bajo,Sí,Sí
31,Corea del Sur,Coreano,Alto,7,Cultural,No,No,No,Sí,No,Sí,Sí,Piedra de los 12 Ángulos,Centro Histórico de Cusco,Bajo,Sí,3450,Hidratación continua,Bus,Imperial Cusco Tour,Bajo,Sí,Sí
23,Bolivia,Español,Económico,3,Mochilero,No,No,No,Sí,No,No,Sí,Piedra de los 12 Ángulos,Plaza de Armas del Cusco,Bajo,No,3300,Descansar correctamente,Bus,Tour Económico,Bajo,Sí,Sí
46,Suiza,Alemán,Alto,10,Cultural,No,No,Sí,Sí,No,Sí,Sí,Piedra de los 12 Ángulos,Qorikancha,Bajo,Sí,3500,Preparación ligera,Bus,Premium Heritage Tour,Bajo,Sí,Sí
27,Ecuador,Español,Medio,5,Cultural,No,No,No,Sí,No,Sí,Sí,Piedra de los 12 Ángulos,Qenqo,Bajo,No,3400,Evitar comidas pesadas,Bus,Circuito Histórico,Bajo,Sí,Sí
35,Países Bajos,Inglés,Alto,8,Fotografía,No,No,No,Sí,No,Sí,Sí,Piedra de los 12 Ángulos,Sacsayhuamán,Bajo,Sí,3500,Hidratación y descanso,Bus + Caminata,City Photo Tour,Bajo,Sí,Sí
24,Venezuela,Español,Económico,4,Aventura,No,No,Sí,Sí,No,No,Sí,Piedra de los 12 Ángulos,Catedral del Cusco,Bajo,No,3300,Consumir líquidos,Bus,Ruta Cultural,Bajo,Sí,Sí
47,Noruega,Inglés,Alto,10,Fotografía,No,No,No,Sí,No,Sí,Sí,Piedra de los 12 Ángulos,Centro Histórico de Cusco,Bajo,Sí,3500,Aclimatación obligatoria,Bus,Cultural Premium,Bajo,Sí,Sí
28,Portugal,Portugués,Medio,5,Cultural,No,No,No,Sí,No,Sí,Sí,Piedra de los 12 Ángulos,Plaza de Armas del Cusco,Bajo,No,3400,Evitar alcohol,Bus,Ruta Colonial,Bajo,Sí,Sí
32,Israel,Hebreo,Alto,8,Fotografía,No,No,Sí,Sí,No,Sí,Sí,Piedra de los 12 Ángulos,Qorikancha,Bajo,Sí,3450,Descanso previo,Bus,Andes Heritage Tour,Bajo,Sí,Sí
26,Uruguay,Español,Económico,3,Mochilero,No,No,No,Sí,No,No,Sí,Piedra de los 12 Ángulos,Plaza Regocijo,Bajo,No,3300,Hidratación básica,Bus,City Backpacker,Bajo,Sí,Sí
40,Irlanda,Inglés,Alto,9,Cultural,No,No,No,Sí,No,Sí,Sí,Piedra de los 12 Ángulos,Museo Inka,Bajo,Sí,3500,Consumir agua frecuentemente,Bus,Cultural Discovery,Bajo,Sí,Sí
29,Sudáfrica,Inglés,Medio,6,Fotografía,No,No,No,Sí,No,Sí,Sí,Piedra de los 12 Ángulos,Centro Histórico de Cusco,Bajo,Sí,3450,Usar bloqueador solar,Bus + Caminata,City Adventure,Bajo,Sí,Sí
34,Filipinas,Inglés,Medio,5,Cultural,No,No,Sí,Sí,No,Sí,Sí,Piedra de los 12 Ángulos,Qorikancha,Bajo,No,3400,Medicamentos básicos,Bus,Cultural Andes,Bajo,Sí,Sí
31,Marruecos,Árabe,Económico,4,Gastronómico,No,No,No,Sí,No,No,Sí,Piedra de los 12 Ángulos,Plaza de Armas del Cusco,Bajo,No,3300,Descanso moderado,Bus,Food & History Tour,Bajo,Sí,Sí
43,Suecia,Inglés,Alto,11,Fotografía,No,No,No,Sí,No,Sí,Sí,Piedra de los 12 Ángulos,Sacsayhuamán,Bajo,Sí,3500,Aclimatación y descanso,Bus,Colonial Explorer,Bajo,Sí,Sí
27,Indonesia,Indonesio,Medio,6,Cultural,No,No,Sí,Sí,No,Sí,Sí,Piedra de los 12 Ángulos,Catedral del Cusco,Bajo,Sí,3450,Hidratación permanente,Bus + Caminata,City Heritage,Bajo,Sí,Sí
38,Dinamarca,Inglés,Alto,9,Fotografía,No,No,No,Sí,No,Sí,Sí,Piedra de los 12 Ángulos,Qorikancha,Bajo,Sí,3500,Preparación ligera,Bus,Historic Cusco Tour,Bajo,Sí,Sí
22,Paraguay,Español,Económico,3,Cultural,No,No,No,Sí,No,No,Sí,Piedra de los 12 Ángulos,Plaza Regocijo,Bajo,No,3300,Consumir agua,Bus,Tour Histórico,Bajo,Sí,Sí
45,Austria,Alemán,Alto,10,Fotografía,Sí,No,Sí,Sí,No,Sí,Sí,Piedra de los 12 Ángulos,Qorikancha,Bajo,Sí,3450,Consulta médica,Bus,Cultural Premium,Bajo,Sí,Sí
30,Costa Rica,Español,Medio,6,Cultural,No,No,No,Sí,No,Sí,Sí,Piedra de los 12 Ángulos,Centro Histórico de Cusco,Bajo,No,3400,Hidratación adecuada,Bus,Ruta Colonial,Bajo,Sí,Sí
25,Nueva Zelanda,Inglés,Alto,8,Fotografía,No,No,No,Sí,No,Sí,Sí,Piedra de los 12 Ángulos,San Blas,Bajo,Sí,3500,Ropa cómoda,Bus + Caminata,Photo Walk,Bajo,Sí,Sí
37,Rusia,Ruso,Alto,9,Cultural,No,No,Sí,Sí,No,Sí,Sí,Piedra de los 12 Ángulos,Catedral del Cusco,Bajo,Sí,3500,Aclimatación previa,Bus,Cusco Imperial,Bajo,Sí,Sí
28,Perú,Español,Medio,5,Gastronómico,No,No,No,Sí,No,No,Sí,Piedra de los 12 Ángulos,Plaza de Armas del Cusco,Bajo,No,3350,Consumir mate de coca,Bus,Tour Gastronómico,Bajo,Sí,Sí
36,Finlandia,Inglés,Alto,8,Fotografía,No,No,Sí,Sí,No,Sí,Sí,Piedra de los 12 Ángulos,Museo Inka,Bajo,Sí,3450,Hidratación continua,Bus,Andes Photo Tour,Bajo,Sí,Sí
23,Perú,Español,Económico,3,Mochilero,No,No,No,Sí,No,No,Sí,Piedra de los 12 Ángulos,Centro Histórico de Cusco,Bajo,No,3300,Descanso adecuado,Bus,City Budget,Bajo,Sí,Sí
48,Hungría,Húngaro,Alto,11,Cultural,Sí,No,No,Sí,No,Sí,Sí,Piedra de los 12 Ángulos,Qorikancha,Bajo,Sí,3450,Control médico,Bus,Heritage Andes,Bajo,Sí,Sí
31,Tailandia,Tailandés,Medio,6,Fotografía,No,No,Sí,Sí,No,Sí,Sí,Piedra de los 12 Ángulos,Centro Histórico de Cusco,Bajo,Sí,3450,Hidratación y descanso,Bus + Caminata,Cusco Colors,Bajo,Sí,Sí
35,Estados Unidos,Inglés,Alto,10,Cultural,No,No,No,Sí,No,Sí,Sí,Piedra de los 12 Ángulos,Museo Inka,Bajo,Sí,3500,Preparación ligera,Bus,Peru History Tour,Bajo,Sí,Sí
24,Perú,Español,Económico,4,Gastronómico,No,No,No,Sí,No,No,Sí,Piedra de los 12 Ángulos,San Blas,Bajo,No,3300,Consumir líquidos,Bus,Cusco Sabores,Bajo,Sí,Sí
41,Canadá,Inglés,Alto,9,Fotografía,No,No,Sí,Sí,No,Sí,Sí,Piedra de los 12 Ángulos,Catedral del Cusco,Bajo,Sí,3500,Aclimatación previa,Bus,Colonial Photo Tour,Bajo,Sí,Sí
27,España,Español,Medio,5,Cultural,No,No,No,Sí,No,Sí,Sí,Piedra de los 12 Ángulos,Qorikancha,Bajo,No,3400,Hidratación constante,Bus,Cultural Adventure,Bajo,Sí,Sí
42,Brasil,Portugués,Alto,8,Fotografía,No,No,No,Sí,No,Sí,Sí,Piedra de los 12 Ángulos,Sacsayhuamán,Bajo,Sí,3500,Ropa adecuada,Bus,Photo Premium,Bajo,Sí,Sí
29,Turquía,Turco,Medio,6,Cultural,No,No,Sí,Sí,No,Sí,Sí,Piedra de los 12 Ángulos,Pisac,Bajo,Sí,3450,Llevar medicamentos,Bus + Caminata,Andes Tour,Bajo,Sí,Sí
38,India,Inglés,Alto,9,Fotografía,No,No,No,Sí,No,Sí,Sí,Piedra de los 12 Ángulos,Maras,Bajo,Sí,3500,Usar ropa ligera,Bus,City Explorer,Bajo,Sí,Sí
22,Bolivia,Español,Económico,3,Mochilero,No,No,No,Sí,No,No,Sí,Piedra de los 12 Ángulos,Plaza de Armas del Cusco,Bajo,No,3300,Hidratación adecuada,Bus,Backpacker Peru,Bajo,Sí,Sí
44,Bélgica,Francés,Alto,8,Cultural,No,No,No,Sí,No,Sí,Sí,Piedra de los 12 Ángulos,Catedral del Cusco,Bajo,Sí,3450,Control médico,Bus,Cultural Andes,Bajo,Sí,Sí
26,Perú,Español,Medio,4,Cultural,No,No,No,Sí,No,Sí,Sí,Museo Inka,Qorikancha,Bajo,No,3400,Hidratación adecuada,Bus,Tour Histórico,Bajo,Sí,Sí
33,Argentina,Español,Alto,6,Fotografía,No,No,No,Sí,No,Sí,Sí,Museo Inka,Catedral del Cusco,Bajo,No,3400,Usar bloqueador,Auto,Photo Tour,Bajo,Sí,Sí
22,Chile,Español,Económico,3,Mochilero,No,No,No,Sí,No,Sí,Sí,Museo Inka,Mercado San Pedro,Bajo,No,3300,Consumir líquidos,Bus,Backpacker,Bajo,Sí,Sí
45,Estados Unidos,Inglés,Alto,8,Cultural,Sí,No,No,Sí,No,Sí,Sí,Museo Inka,Plaza de Armas del Cusco,Bajo,No,3300,Descanso previo,Auto,Tour Cultural,Bajo,Sí,Sí
28,Brasil,Portugués,Medio,5,Gastronómico,No,No,No,Sí,No,Sí,Sí,Museo Inka,San Blas,Bajo,No,3400,Hidratación constante,Bus,Food Tour,Bajo,Sí,Sí
37,Canadá,Inglés,Alto,7,Fotografía,No,No,No,Sí,No,Sí,Sí,Museo Inka,Qorikancha,Bajo,No,3400,Usar protector solar,Auto,Photo Tour,Bajo,Sí,Sí
25,México,Español,Medio,4,Cultural,No,No,No,Sí,No,Sí,Sí,Museo Inka,Sacsayhuamán,Bajo,No,3400,Evitar alcohol,Bus,City Tour,Bajo,Sí,Sí
34,Francia,Francés,Alto,6,Relajación,No,No,Sí,Sí,No,Sí,Sí,Museo Inka,San Blas,Bajo,No,3300,Hidratación adecuada,Auto,Tour Relax,Bajo,Sí,Sí
21,Colombia,Español,Económico,3,Mochilero,No,No,No,Sí,No,Sí,Sí,Museo Inka,Mercado San Pedro,Bajo,No,3300,Consumir mate de coca,Bus,Backpacker,Bajo,Sí,Sí
48,Japón,Japonés,Alto,9,Relajación,Sí,Sí,No,Sí,No,Sí,Sí,Museo Inka,Catedral del Cusco,Bajo,No,3200,Consulta médica,Auto,Tour Relax,Bajo,Sí,Sí
24,Bolivia,Español,Medio,4,Cultural,No,No,No,Sí,No,Sí,Sí,Museo Inka,Qorikancha,Bajo,No,3400,Hidratación adecuada,Bus,Tour Histórico,Bajo,Sí,Sí
39,Italia,Italiano,Alto,7,Fotografía,No,No,No,Sí,No,Sí,Sí,Museo Inka,San Blas,Bajo,No,3400,Usar bloqueador,Auto,Photo Tour,Bajo,Sí,Sí
35,Alemania,Alemán,Alto,6,Cultural,No,No,No,Sí,No,Sí,Sí,Museo Inka,Catedral del Cusco,Bajo,No,3400,Hidratación constante,Bus,Tour Cultural,Bajo,Sí,Sí
20,Perú,Español,Económico,2,Mochilero,No,No,No,Sí,No,Sí,Sí,Museo Inka,Mercado San Pedro,Bajo,No,3300,Consumir líquidos,Bus,Backpacker,Bajo,Sí,Sí
44,Reino Unido,Inglés,Alto,8,Fotografía,No,No,No,Sí,No,Sí,Sí,Museo Inka,San Blas,Bajo,No,3400,Descanso previo,Auto,Photo Tour,Bajo,Sí,Sí
27,Uruguay,Español,Medio,5,Cultural,No,No,No,Sí,No,Sí,Sí,Museo Inka,Qorikancha,Bajo,No,3400,Evitar alcohol,Bus,City Tour,Bajo,Sí,Sí
36,Australia,Inglés,Alto,7,Relajación,No,No,No,Sí,No,Sí,Sí,Museo Inka,Catedral del Cusco,Bajo,No,3300,Hidratación adecuada,Auto,Tour Relax,Bajo,Sí,Sí
23,Ecuador,Español,Económico,3,Mochilero,No,No,No,Sí,No,Sí,Sí,Museo Inka,Mercado San Pedro,Bajo,No,3300,Consumir líquidos,Bus,Backpacker,Bajo,Sí,Sí
45,Corea del Sur,Coreano,Alto,9,Fotografía,No,No,No,Sí,No,Sí,Sí,Museo Inka,San Blas,Bajo,No,3400,Usar protector solar,Auto,Photo Tour,Bajo,Sí,Sí
30,Paraguay,Español,Medio,5,Cultural,No,No,No,Sí,No,Sí,Sí,Museo Inka,Qorikancha,Bajo,No,3400,Hidratación constante,Bus,City Tour,Bajo,Sí,Sí
38,Portugal,Portugués,Alto,6,Relajación,No,No,No,Sí,No,Sí,Sí,Museo Inka,Catedral del Cusco,Bajo,No,3300,Evitar alcohol,Auto,Tour Relax,Bajo,Sí,Sí
22,Venezuela,Español,Económico,3,Mochilero,No,No,No,Sí,No,Sí,Sí,Museo Inka,Mercado San Pedro,Bajo,No,3300,Consumir líquidos,Bus,Backpacker,Bajo,Sí,Sí
40,China,Chino,Alto,8,Fotografía,No,No,No,Sí,No,Sí,Sí,Museo Inka,San Blas,Bajo,No,3400,Usar bloqueador,Auto,Photo Tour,Bajo,Sí,Sí
29,Costa Rica,Español,Medio,5,Cultural,No,No,No,Sí,No,Sí,Sí,Museo Inka,Qorikancha,Bajo,No,3400,Hidratación adecuada,Bus,Tour Histórico,Bajo,Sí,Sí
27,Suiza,Alemán,Alto,7,Fotografía,No,No,No,Sí,No,Sí,Sí,Museo Inka,San Blas,Bajo,No,3400,Descanso previo,Auto,Photo Tour,Bajo,Sí,Sí
34,Perú,Español,Medio,4,Cultural,No,No,No,Sí,No,Sí,Sí,Museo Inka,Catedral del Cusco,Bajo,No,3400,Evitar alcohol,Bus,Tour Cultural,Bajo,Sí,Sí
43,Estados Unidos,Inglés,Alto,8,Relajación,Sí,No,No,Sí,No,Sí,Sí,Museo Inka,San Blas,Bajo,No,3200,Consulta médica,Auto,Tour Relax,Bajo,Sí,Sí
21,Chile,Español,Económico,2,Mochilero,No,No,No,Sí,No,Sí,Sí,Museo Inka,Mercado San Pedro,Bajo,No,3300,Consumir líquidos,Bus,Backpacker,Bajo,Sí,Sí
47,Francia,Francés,Alto,9,Relajación,Sí,Sí,No,Sí,No,Sí,Sí,Museo Inka,Qorikancha,Bajo,No,3200,Descanso constante,Auto,Tour Relax,Bajo,Sí,Sí
32,México,Español,Medio,6,Cultural,No,No,No,Sí,No,Sí,Sí,Museo Inka,Plaza de Armas del Cusco,Bajo,No,3400,Usar protector solar,Bus,City Tour,Bajo,Sí,Sí
29,Perú,Español,Medio,5,Gastronómico,No,No,No,Sí,No,Sí,Sí,Museo Inka,San Blas,Bajo,No,3400,Hidratación adecuada,Bus,Food Tour,Bajo,Sí,Sí
36,Argentina,Español,Alto,7,Fotografía,No,No,No,Sí,No,Sí,Sí,Museo Inka,Catedral del Cusco,Bajo,No,3400,Usar bloqueador,Auto,Photo Tour,Bajo,Sí,Sí
24,Brasil,Portugués,Económico,3,Mochilero,No,No,No,Sí,No,Sí,Sí,Museo Inka,Mercado San Pedro,Bajo,No,3300,Consumir líquidos,Bus,Backpacker,Bajo,Sí,Sí
40,Canadá,Inglés,Alto,8,Relajación,Sí,No,No,Sí,No,Sí,Sí,Museo Inka,San Blas,Bajo,No,3200,Consulta médica,Auto,Tour Relax,Bajo,Sí,Sí
28,Italia,Italiano,Medio,5,Cultural,No,No,No,Sí,No,Sí,Sí,Museo Inka,Qorikancha,Bajo,No,3400,Hidratación constante,Bus,Tour Histórico,Bajo,Sí,Sí
26,Colombia,Español,Económico,4,Mochilero,No,No,No,Sí,No,Sí,Sí,Museo Inka,Mercado San Pedro,Bajo,No,3300,Consumir mate de coca,Bus,Backpacker,Bajo,Sí,Sí
45,Japón,Japonés,Alto,9,Fotografía,No,No,No,Sí,No,Sí,Sí,Museo Inka,San Blas,Bajo,No,3400,Descanso previo,Auto,Photo Tour,Bajo,Sí,Sí
31,Alemania,Alemán,Alto,6,Cultural,No,No,No,Sí,No,Sí,Sí,Museo Inka,Catedral del Cusco,Bajo,No,3400,Evitar alcohol,Bus,Tour Cultural,Bajo,Sí,Sí
20,Bolivia,Español,Económico,2,Mochilero,No,No,No,Sí,No,Sí,Sí,Museo Inka,Mercado San Pedro,Bajo,No,3300,Consumir líquidos,Bus,Backpacker,Bajo,Sí,Sí
46,Reino Unido,Inglés,Alto,8,Relajación,Sí,Sí,No,Sí,No,Sí,Sí,Museo Inka,Qorikancha,Bajo,No,3200,Consulta médica,Auto,Tour Relax,Bajo,Sí,Sí
30,Uruguay,Español,Medio,5,Cultural,No,No,No,Sí,No,Sí,Sí,Museo Inka,San Blas,Bajo,No,3400,Hidratación adecuada,Bus,City Tour,Bajo,Sí,Sí
38,Australia,Inglés,Alto,7,Fotografía,No,No,No,Sí,No,Sí,Sí,Museo Inka,Catedral del Cusco,Bajo,No,3400,Usar protector solar,Auto,Photo Tour,Bajo,Sí,Sí
23,Ecuador,Español,Económico,3,Mochilero,No,No,No,Sí,No,Sí,Sí,Museo Inka,Mercado San Pedro,Bajo,No,3300,Consumir líquidos,Bus,Backpacker,Bajo,Sí,Sí
42,Corea del Sur,Coreano,Alto,9,Relajación,Sí,No,No,Sí,No,Sí,Sí,Museo Inka,Qorikancha,Bajo,No,3200,Descanso previo,Auto,Tour Relax,Bajo,Sí,Sí
29,Paraguay,Español,Medio,5,Cultural,No,No,No,Sí,No,Sí,Sí,Museo Inka,San Blas,Bajo,No,3400,Evitar alcohol,Bus,City Tour,Bajo,Sí,Sí
39,Portugal,Portugués,Alto,6,Fotografía,No,No,No,Sí,No,Sí,Sí,Museo Inka,Catedral del Cusco,Bajo,No,3400,Hidratación constante,Auto,Photo Tour,Bajo,Sí,Sí
22,Venezuela,Español,Económico,3,Mochilero,No,No,No,Sí,No,Sí,Sí,Museo Inka,Mercado San Pedro,Bajo,No,3300,Consumir líquidos,Bus,Backpacker,Bajo,Sí,Sí
41,China,Chino,Alto,8,Relajación,Sí,No,No,Sí,No,Sí,Sí,Museo Inka,San Blas,Bajo,No,3200,Consulta médica,Auto,Tour Relax,Bajo,Sí,Sí
28,Costa Rica,Español,Medio,5,Cultural,No,No,No,Sí,No,Sí,Sí,Museo Inka,Qorikancha,Bajo,No,3400,Hidratación adecuada,Bus,Tour Histórico,Bajo,Sí,Sí
28,Perú,Español,Medio,4,Cultural,No,No,No,Sí,Sí,Sí,Sí,Maras,Moray,Medio,Sí,3400,Hidratación adecuada,Bus,Tour Cultural,Medio,Sí,Sí
35,Argentina,Español,Alto,6,Fotografía,No,No,No,Sí,Sí,Sí,Sí,Maras,Valle Sagrado,Medio,Sí,3500,Usar bloqueador,Auto,Photo Tour,Medio,Sí,Sí
22,Chile,Español,Económico,3,Mochilero,No,No,No,No,Sí,No,Sí,Maras,Moray,Medio,Sí,3400,Consumir líquidos,Bus,Backpacker,Medio,No,No
46,Estados Unidos,Inglés,Alto,8,Cultural,Sí,No,No,Sí,Sí,Sí,Sí,Maras,Salineras de Maras,Bajo,No,3300,Descanso previo,Auto,Tour Premium,Bajo,Sí,Sí
31,Brasil,Portugués,Medio,5,Aventura,No,No,No,Sí,Sí,No,Sí,Maras,Moray,Medio,Sí,3500,Hidratación constante,Bus,Full Day,Medio,Sí,Sí
39,Francia,Francés,Alto,7,Relajación,No,No,Sí,Sí,Sí,Sí,Sí,Maras,Valle Sagrado,Bajo,No,3300,Evitar alcohol,Auto,Tour Relax,Bajo,Sí,Sí
24,México,Español,Económico,4,Mochilero,No,No,No,No,Sí,No,Sí,Maras,Moray,Medio,Sí,3400,Consumir mate de coca,Bus,Backpacker,Medio,No,No
50,Canadá,Inglés,Alto,9,Cultural,Sí,Sí,No,Sí,Sí,Sí,Sí,Maras,Salineras de Maras,Bajo,No,3200,Consulta médica,Auto,Tour Cultural,Bajo,Sí,Sí
27,Colombia,Español,Medio,5,Fotografía,No,No,No,Sí,Sí,Sí,Sí,Maras,Moray,Medio,Sí,3500,Usar protector solar,Bus,Photo Tour,Medio,Sí,Sí
33,Italia,Italiano,Alto,6,Cultural,No,No,No,Sí,Sí,Sí,Sí,Maras,Valle Sagrado,Medio,Sí,3400,Hidratación adecuada,Auto,Tour Histórico,Medio,Sí,Sí
21,Bolivia,Español,Económico,2,Mochilero,No,No,No,No,Sí,No,Sí,Maras,Moray,Medio,Sí,3400,Consumir líquidos,Bus,Backpacker,Medio,No,No
44,Reino Unido,Inglés,Alto,8,Relajación,Sí,No,No,Sí,Sí,Sí,Sí,Maras,Salineras de Maras,Bajo,No,3200,Descanso constante,Auto,Tour Relax,Bajo,Sí,Sí
29,Uruguay,Español,Medio,5,Cultural,No,No,No,Sí,Sí,Sí,Sí,Maras,Moray,Medio,Sí,3400,Hidratación constante,Bus,City Tour,Medio,Sí,Sí
37,Australia,Inglés,Alto,7,Fotografía,No,No,No,Sí,Sí,Sí,Sí,Maras,Valle Sagrado,Medio,Sí,3500,Usar bloqueador,Auto,Photo Tour,Medio,Sí,Sí
23,Ecuador,Español,Económico,3,Mochilero,No,No,No,No,Sí,No,Sí,Maras,Moray,Medio,Sí,3400,Consumir líquidos,Bus,Backpacker,Medio,No,No
48,Japón,Japonés,Alto,10,Relajación,Sí,Sí,No,Sí,Sí,Sí,Sí,Maras,Salineras de Maras,Bajo,No,3200,Consulta médica,Auto,Tour Relax,Bajo,Sí,Sí
30,Paraguay,Español,Medio,5,Cultural,No,No,No,Sí,Sí,Sí,Sí,Maras,Moray,Medio,Sí,3400,Evitar alcohol,Bus,Tour Histórico,Medio,Sí,Sí
42,Portugal,Portugués,Alto,7,Fotografía,No,No,No,Sí,Sí,Sí,Sí,Maras,Valle Sagrado,Medio,Sí,3500,Usar protector solar,Auto,Photo Tour,Medio,Sí,Sí
20,Venezuela,Español,Económico,2,Mochilero,No,No,No,No,Sí,No,Sí,Maras,Moray,Medio,Sí,3400,Consumir líquidos,Bus,Backpacker,Medio,No,No
45,China,Chino,Alto,8,Cultural,Sí,No,No,Sí,Sí,Sí,Sí,Maras,Salineras de Maras,Bajo,No,3200,Descanso previo,Auto,Tour Cultural,Bajo,Sí,Sí
26,Costa Rica,Español,Medio,4,Aventura,No,No,No,Sí,Sí,No,Sí,Maras,Moray,Medio,Sí,3500,Hidratación adecuada,Bus,Full Day,Medio,Sí,Sí
34,Suiza,Alemán,Alto,6,Fotografía,No,No,No,Sí,Sí,Sí,Sí,Maras,Valle Sagrado,Medio,Sí,3500,Usar bloqueador,Auto,Photo Tour,Medio,Sí,Sí
25,Perú,Español,Económico,3,Mochilero,No,No,No,No,Sí,No,Sí,Maras,Moray,Medio,Sí,3400,Consumir líquidos,Bus,Backpacker,Medio,No,No
47,Estados Unidos,Inglés,Alto,9,Relajación,Sí,Sí,No,Sí,Sí,Sí,Sí,Maras,Salineras de Maras,Bajo,No,3200,Consulta médica,Auto,Tour Relax,Bajo,Sí,Sí
32,México,Español,Medio,5,Cultural,No,No,No,Sí,Sí,Sí,Sí,Maras,Moray,Medio,Sí,3400,Hidratación constante,Bus,City Tour,Medio,Sí,Sí
38,Francia,Francés,Alto,7,Fotografía,No,No,Sí,Sí,Sí,Sí,Sí,Maras,Valle Sagrado,Medio,Sí,3500,Usar protector solar,Auto,Photo Tour,Medio,Sí,Sí
22,Chile,Español,Económico,2,Mochilero,No,No,No,No,Sí,No,Sí,Maras,Moray,Medio,Sí,3400,Consumir líquidos,Bus,Backpacker,Medio,No,No
49,Canadá,Inglés,Alto,8,Cultural,Sí,No,No,Sí,Sí,Sí,Sí,Maras,Salineras de Maras,Bajo,No,3200,Descanso previo,Auto,Tour Premium,Bajo,Sí,Sí
28,Argentina,Español,Medio,5,Fotografía,No,No,No,Sí,Sí,Sí,Sí,Maras,Moray,Medio,Sí,3500,Hidratación adecuada,Bus,Photo Tour,Medio,Sí,Sí
36,Italia,Italiano,Alto,6,Cultural,No,No,No,Sí,Sí,Sí,Sí,Maras,Valle Sagrado,Medio,Sí,3400,Evitar alcohol,Auto,Tour Histórico,Medio,Sí,Sí
24,Brasil,Portugués,Económico,3,Mochilero,No,No,No,No,Sí,No,Sí,Maras,Moray,Medio,Sí,3400,Consumir mate de coca,Bus,Backpacker,Medio,No,No
43,Alemania,Alemán,Alto,8,Relajación,Sí,Sí,No,Sí,Sí,Sí,Sí,Maras,Salineras de Maras,Bajo,No,3200,Consulta médica,Auto,Tour Relax,Bajo,Sí,Sí
29,Colombia,Español,Medio,5,Cultural,No,No,No,Sí,Sí,Sí,Sí,Maras,Moray,Medio,Sí,3400,Hidratación constante,Bus,City Tour,Medio,Sí,Sí
40,Australia,Inglés,Alto,7,Fotografía,No,No,No,Sí,Sí,Sí,Sí,Maras,Valle Sagrado,Medio,Sí,3500,Usar bloqueador,Auto,Photo Tour,Medio,Sí,Sí
21,Ecuador,Español,Económico,2,Mochilero,No,No,No,No,Sí,No,Sí,Maras,Moray,Medio,Sí,3400,Consumir líquidos,Bus,Backpacker,Medio,No,No
46,Japón,Japonés,Alto,9,Cultural,Sí,No,No,Sí,Sí,Sí,Sí,Maras,Salineras de Maras,Bajo,No,3200,Descanso previo,Auto,Tour Cultural,Bajo,Sí,Sí
31,Paraguay,Español,Medio,5,Fotografía,No,No,No,Sí,Sí,Sí,Sí,Maras,Moray,Medio,Sí,3500,Hidratación adecuada,Bus,Photo Tour,Medio,Sí,Sí
39,Portugal,Portugués,Alto,7,Relajación,No,No,No,Sí,Sí,Sí,Sí,Maras,Valle Sagrado,Bajo,No,3300,Evitar alcohol,Auto,Tour Relax,Bajo,Sí,Sí
23,Venezuela,Español,Económico,3,Mochilero,No,No,No,No,Sí,No,Sí,Maras,Moray,Medio,Sí,3400,Consumir líquidos,Bus,Backpacker,Medio,No,No
44,China,Chino,Alto,8,Cultural,Sí,No,No,Sí,Sí,Sí,Sí,Maras,Salineras de Maras,Bajo,No,3200,Consulta médica,Auto,Tour Histórico,Bajo,Sí,Sí
27,Costa Rica,Español,Medio,4,Aventura,No,No,No,Sí,Sí,No,Sí,Maras,Moray,Medio,Sí,3500,Hidratación adecuada,Bus,Full Day,Medio,Sí,Sí
35,Suiza,Alemán,Alto,6,Fotografía,No,No,No,Sí,Sí,Sí,Sí,Maras,Valle Sagrado,Medio,Sí,3500,Usar protector solar,Auto,Photo Tour,Medio,Sí,Sí
26,Perú,Español,Económico,3,Mochilero,No,No,No,No,Sí,No,Sí,Maras,Moray,Medio,Sí,3400,Consumir líquidos,Bus,Backpacker,Medio,No,No
48,Estados Unidos,Inglés,Alto,9,Relajación,Sí,Sí,No,Sí,Sí,Sí,Sí,Maras,Salineras de Maras,Bajo,No,3200,Consulta médica,Auto,Tour Relax,Bajo,Sí,Sí
33,México,Español,Medio,5,Cultural,No,No,No,Sí,Sí,Sí,Sí,Maras,Moray,Medio,Sí,3400,Hidratación constante,Bus,City Tour,Medio,Sí,Sí
37,Francia,Francés,Alto,7,Fotografía,No,No,Sí,Sí,Sí,Sí,Sí,Maras,Valle Sagrado,Medio,Sí,3500,Usar bloqueador,Auto,Photo Tour,Medio,Sí,Sí
22,Chile,Español,Económico,2,Mochilero,No,No,No,No,Sí,No,Sí,Maras,Moray,Medio,Sí,3400,Consumir líquidos,Bus,Backpacker,Medio,No,No
50,Canadá,Inglés,Alto,10,Relajación,Sí,Sí,No,Sí,Sí,Sí,Sí,Maras,Salineras de Maras,Bajo,No,3200,Consulta médica,Auto,Tour Relax,Bajo,Sí,Sí
30,Argentina,Español,Medio,5,Cultural,No,No,No,Sí,Sí,Sí,Sí,Maras,Moray,Medio,Sí,3400,Hidratación adecuada,Bus,Tour Histórico,Medio,Sí,Sí
41,Italia,Italiano,Alto,8,Fotografía,No,No,No,Sí,Sí,Sí,Sí,Maras,Valle Sagrado,Medio,Sí,3500,Usar protector solar,Auto,Photo Tour,Medio,Sí,Sí
25,Brasil,Portugués,Económico,3,Mochilero,No,No,No,No,Sí,No,Sí,Maras,Moray,Medio,Sí,3400,Consumir líquidos,Bus,Backpacker,Medio,No,No
29,Perú,Español,Medio,6,Cultural,No,No,No,Sí,Sí,Sí,Sí,Valle Sagrado de los Incas,Pisac,Medio,Sí,3400,Hidratación adecuada,Bus,Tour Valle Sagrado,Medio,Sí,Sí
34,Estados Unidos,Inglés,Alto,8,Fotografía,No,No,Sí,Sí,Sí,Sí,Sí,Valle Sagrado de los Incas,Ollantaytambo,Medio,Sí,3500,Aclimatación ligera,Bus + Tren,Sacred Valley Premium,Medio,Sí,Sí
22,Argentina,Español,Económico,5,Mochilero,No,No,No,Sí,Sí,No,Sí,Valle Sagrado de los Incas,Chinchero,Medio,Sí,3300,Consumir líquidos,Bus,Backpacker Valley Tour,Medio,Sí,Sí
41,Canadá,Inglés,Alto,9,Cultural,No,No,No,Sí,Sí,Sí,Sí,Valle Sagrado de los Incas,Maras,Medio,Sí,3500,Descanso previo,Bus,Cultural Andes Tour,Medio,Sí,Sí
28,Brasil,Portugués,Medio,6,Naturaleza,No,No,Sí,Sí,Sí,No,Sí,Valle Sagrado de los Incas,Moray,Medio,Sí,3400,Hidratación constante,Bus,Nature Sacred Valley,Medio,Sí,Sí
37,Alemania,Alemán,Alto,10,Fotografía,No,No,No,Sí,Sí,Sí,Sí,Valle Sagrado de los Incas,Salineras de Maras,Medio,Sí,3500,Usar protector solar,Bus + Caminata,Photo Valley Tour,Medio,Sí,Sí
24,Chile,Español,Económico,4,Cultural,No,No,No,Sí,Sí,Sí,No,Valle Sagrado de los Incas,Qorikancha,Bajo,No,3200,Consumir mate de coca,Bus,City & Valley Tour,Bajo,Sí,Sí
33,Francia,Francés,Alto,8,Fotografía,No,No,Sí,Sí,Sí,Sí,Sí,Valle Sagrado de los Incas,Pisac,Medio,Sí,3450,Aclimatación previa,Bus,Sacred Valley Explorer,Medio,Sí,Sí
27,México,Español,Medio,5,Cultural,No,No,No,Sí,Sí,Sí,Sí,Valle Sagrado de los Incas,Urubamba,Medio,Sí,3400,Descanso moderado,Bus,Ruta Imperial,Medio,Sí,Sí
45,Reino Unido,Inglés,Alto,11,Fotografía,No,No,Sí,Sí,Sí,Sí,Sí,Valle Sagrado de los Incas,Machu Picchu,Medio,Sí,3500,Aclimatación recomendada,Bus + Tren,Andes Premium Tour,Medio,Sí,No
21,Colombia,Español,Económico,4,Mochilero,No,No,No,Sí,Sí,No,Sí,Valle Sagrado de los Incas,Chinchero,Bajo,Sí,3200,Hidratación básica,Bus,Valley Backpacker,Bajo,Sí,Sí
39,Japón,Japonés,Alto,9,Fotografía,No,No,Sí,Sí,Sí,Sí,Sí,Valle Sagrado de los Incas,Moray,Medio,Sí,3500,Llevar snacks energéticos,Bus + Caminata,Photo Andes Tour,Medio,Sí,Sí
30,España,Español,Medio,6,Cultural,No,No,No,Sí,Sí,Sí,Sí,Valle Sagrado de los Incas,Salineras de Maras,Medio,Sí,3400,Hidratación constante,Bus,Ruta Valle Inca,Medio,Sí,Sí
36,China,Chino,Alto,10,Fotografía,No,No,No,Sí,Sí,Sí,Sí,Valle Sagrado de los Incas,Ollantaytambo,Medio,Sí,3500,Aclimatación previa,Bus,Andes Heritage Tour,Medio,Sí,Sí
25,Perú,Español,Económico,5,Naturaleza,No,No,No,Sí,Sí,No,Sí,Valle Sagrado de los Incas,Laguna Piuray,Bajo,Sí,3200,Consumir agua,Bus,Nature Valley Tour,Bajo,Sí,Sí
42,Italia,Italiano,Alto,8,Cultural,No,No,Sí,Sí,Sí,Sí,Sí,Valle Sagrado de los Incas,Maras,Medio,Sí,3450,Descansar antes del tour,Bus + Caminata,Heritage Valley Experience,Medio,Sí,Sí
31,Corea del Sur,Coreano,Alto,7,Fotografía,No,No,No,Sí,Sí,Sí,Sí,Valle Sagrado de los Incas,Pisac,Medio,Sí,3450,Hidratación continua,Bus,Imperial Valley Tour,Medio,Sí,Sí
23,Bolivia,Español,Económico,4,Mochilero,No,No,No,Sí,Sí,No,Sí,Valle Sagrado de los Incas,Yucay,Bajo,Sí,3200,Descansar correctamente,Bus,Tour Económico,Bajo,Sí,Sí
46,Suiza,Alemán,Alto,11,Cultural,No,No,Sí,Sí,Sí,Sí,Sí,Valle Sagrado de los Incas,Machu Picchu,Medio,Sí,3500,Preparación ligera,Bus + Tren,Premium Heritage Tour,Medio,Sí,No
27,Ecuador,Español,Medio,5,Cultural,No,No,No,Sí,Sí,Sí,Sí,Valle Sagrado de los Incas,Chinchero,Bajo,Sí,3300,Evitar comidas pesadas,Bus,Circuito Valle,Bajo,Sí,Sí
35,Países Bajos,Inglés,Alto,8,Fotografía,No,No,No,Sí,Sí,Sí,Sí,Valle Sagrado de los Incas,Salineras de Maras,Medio,Sí,3500,Hidratación y descanso,Bus + Caminata,City Photo Tour,Medio,Sí,Sí
24,Venezuela,Español,Económico,4,Aventura,No,No,Sí,Sí,Sí,No,Sí,Valle Sagrado de los Incas,Ollantaytambo,Medio,Sí,3300,Consumir líquidos,Bus,Ruta Cultural,Medio,Sí,Sí
47,Noruega,Inglés,Alto,10,Fotografía,No,No,No,Sí,Sí,Sí,Sí,Valle Sagrado de los Incas,Moray,Medio,Sí,3500,Aclimatación obligatoria,Bus,Andes Premium,Bajo,Sí,Sí
28,Portugal,Portugués,Medio,6,Cultural,No,No,No,Sí,Sí,Sí,Sí,Valle Sagrado de los Incas,Yucay,Bajo,Sí,3300,Evitar alcohol,Bus,Ruta Colonial,Bajo,Sí,Sí
32,Israel,Hebreo,Alto,9,Fotografía,No,No,Sí,Sí,Sí,Sí,Sí,Valle Sagrado de los Incas,Maras,Medio,Sí,3450,Descanso previo,Bus,Andes Heritage Tour,Medio,Sí,Sí
26,Uruguay,Español,Económico,4,Mochilero,No,No,No,Sí,Sí,No,Sí,Valle Sagrado de los Incas,Pisac,Bajo,Sí,3200,Hidratación básica,Bus,City Backpacker,Bajo,Sí,Sí
40,Irlanda,Inglés,Alto,9,Cultural,No,No,No,Sí,Sí,Sí,Sí,Valle Sagrado de los Incas,Moray,Medio,Sí,3500,Consumir agua frecuentemente,Bus,Cultural Discovery,Medio,Sí,Sí
29,Sudáfrica,Inglés,Medio,6,Fotografía,No,No,No,Sí,Sí,Sí,Sí,Valle Sagrado de los Incas,Salineras de Maras,Medio,Sí,3450,Usar bloqueador solar,Bus + Caminata,City Adventure,Medio,Sí,Sí
34,Filipinas,Inglés,Medio,5,Cultural,No,No,Sí,Sí,Sí,Sí,Sí,Valle Sagrado de los Incas,Pisac,Bajo,Sí,3300,Medicamentos básicos,Bus,Cultural Andes,Bajo,Sí,Sí
31,Marruecos,Árabe,Económico,4,Gastronómico,No,No,No,Sí,Sí,No,Sí,Valle Sagrado de los Incas,Mercado de San Pedro,Bajo,No,3200,Descanso moderado,Bus,Food & History Tour,Bajo,Sí,Sí
43,Suecia,Inglés,Alto,11,Fotografía,No,No,No,Sí,Sí,Sí,Sí,Valle Sagrado de los Incas,Ollantaytambo,Medio,Sí,3500,Aclimatación y descanso,Bus,Colonial Explorer,Medio,Sí,Sí
27,Indonesia,Indonesio,Medio,6,Cultural,No,No,Sí,Sí,Sí,Sí,Sí,Valle Sagrado de los Incas,Yucay,Medio,Sí,3400,Hidratación permanente,Bus + Caminata,City Heritage,Medio,Sí,Sí
38,Dinamarca,Inglés,Alto,9,Fotografía,No,No,No,Sí,Sí,Sí,Sí,Valle Sagrado de los Incas,Maras,Medio,Sí,3500,Preparación ligera,Bus,Historic Valley Tour,Medio,Sí,Sí
22,Paraguay,Español,Económico,4,Cultural,No,No,No,Sí,Sí,No,Sí,Valle Sagrado de los Incas,Chinchero,Bajo,Sí,3200,Consumir agua,Bus,Tour Histórico,Bajo,Sí,Sí
45,Austria,Alemán,Alto,10,Fotografía,Sí,No,Sí,Sí,Sí,Sí,Sí,Valle Sagrado de los Incas,Pisac,Bajo,Sí,3300,Consulta médica,Bus,Cultural Premium,Bajo,Sí,Sí
30,Costa Rica,Español,Medio,6,Cultural,No,No,No,Sí,Sí,Sí,Sí,Valle Sagrado de los Incas,Moray,Medio,Sí,3400,Hidratación adecuada,Bus,Ruta Colonial,Medio,Sí,Sí
25,Nueva Zelanda,Inglés,Alto,8,Fotografía,No,No,No,Sí,Sí,Sí,Sí,Valle Sagrado de los Incas,Salineras de Maras,Medio,Sí,3500,Ropa cómoda,Bus + Caminata,Photo Walk,Medio,Sí,Sí
37,Rusia,Ruso,Alto,9,Cultural,No,No,Sí,Sí,Sí,Sí,Sí,Valle Sagrado de los Incas,Ollantaytambo,Medio,Sí,3500,Aclimatación previa,Bus,Cusco Imperial,Medio,Sí,Sí
28,Perú,Español,Medio,5,Gastronómico,No,No,No,Sí,Sí,No,Sí,Valle Sagrado de los Incas,Mercado de Pisac,Bajo,No,3300,Consumir mate de coca,Bus,Tour Gastronómico,Bajo,Sí,Sí
36,Finlandia,Inglés,Alto,8,Fotografía,No,No,Sí,Sí,Sí,Sí,Sí,Valle Sagrado de los Incas,Moray,Medio,Sí,3450,Hidratación continua,Bus,Andes Photo Tour,Medio,Sí,Sí
23,Perú,Español,Económico,4,Mochilero,No,No,No,Sí,Sí,No,Sí,Valle Sagrado de los Incas,Chinchero,Bajo,Sí,3200,Descanso adecuado,Bus,City Budget,Bajo,Sí,Sí
48,Hungría,Húngaro,Alto,11,Cultural,Sí,No,No,Sí,Sí,Sí,Sí,Valle Sagrado de los Incas,Pisac,Bajo,Sí,3300,Control médico,Bus,Heritage Andes,Bajo,Sí,Sí
31,Tailandia,Tailandés,Medio,6,Fotografía,No,No,Sí,Sí,Sí,Sí,Sí,Valle Sagrado de los Incas,Maras,Medio,Sí,3450,Hidratación y descanso,Bus + Caminata,Cusco Colors,Medio,Sí,Sí
35,Estados Unidos,Inglés,Alto,10,Cultural,No,No,No,Sí,Sí,Sí,Sí,Valle Sagrado de los Incas,Ollantaytambo,Medio,Sí,3500,Preparación ligera,Bus,Peru History Tour,Medio,Sí,Sí
24,Perú,Español,Económico,4,Gastronómico,No,No,No,Sí,Sí,No,Sí,Valle Sagrado de los Incas,Mercado de Pisac,Bajo,No,3200,Consumir líquidos,Bus,Cusco Sabores,Bajo,Sí,Sí
41,Canadá,Inglés,Alto,9,Fotografía,No,No,Sí,Sí,Sí,Sí,Sí,Valle Sagrado de los Incas,Maras,Medio,Sí,3500,Aclimatación previa,Bus,Colonial Photo Tour,Medio,Sí,Sí
27,España,Español,Medio,5,Cultural,No,No,No,Sí,Sí,Sí,Sí,Valle Sagrado de los Incas,Pisac,Bajo,Sí,3300,Hidratación constante,Bus,Cultural Adventure,Bajo,Sí,Sí
42,Brasil,Portugués,Alto,8,Fotografía,No,No,No,Sí,Sí,Sí,Sí,Valle Sagrado de los Incas,Moray,Medio,Sí,3500,Ropa adecuada,Bus,Photo Premium,Medio,Sí,Sí
29,Turquía,Turco,Medio,6,Cultural,No,No,Sí,Sí,Sí,Sí,Sí,Valle Sagrado de los Incas,Ollantaytambo,Medio,Sí,3450,Llevar medicamentos,Bus + Caminata,Andes Tour,Medio,Sí,Sí
38,India,Inglés,Alto,9,Fotografía,No,No,No,Sí,Sí,Sí,Sí,Valle Sagrado de los Incas,Salineras de Maras,Medio,Sí,3500,Usar ropa ligera,Bus,City Explorer,Medio,Sí,Sí
22,Bolivia,Español,Económico,4,Mochilero,No,No,No,Sí,Sí,No,Sí,Valle Sagrado de los Incas,Chinchero,Bajo,Sí,3200,Hidratación adecuada,Bus,Backpacker Peru,Bajo,Sí,Sí
44,Bélgica,Francés,Alto,8,Cultural,No,No,No,Sí,Sí,Sí,Sí,Valle Sagrado de los Incas,Maras,Medio,Sí,3450,Control médico,Bus,Cultural Andes,Medio,Sí,Sí
28,Perú,Español,Medio,5,Cultural,No,No,No,Sí,Sí,Sí,Sí,Salineras de Maras,Moray,Medio,Sí,3400,Hidratación adecuada,Bus,Tour Maras Moray,Medio,Sí,Sí
34,Estados Unidos,Inglés,Alto,8,Fotografía,No,No,Sí,Sí,Sí,Sí,Sí,Salineras de Maras,Valle Sagrado,Medio,Sí,3500,Aclimatación ligera,Bus + Caminata,Photo Salt Tour,Medio,Sí,Sí
22,Argentina,Español,Económico,4,Mochilero,No,No,No,Sí,Sí,No,Sí,Salineras de Maras,Chinchero,Bajo,Sí,3300,Consumir líquidos,Bus,Ruta Económica Cusco,Bajo,Sí,Sí
41,Canadá,Inglés,Alto,9,Cultural,No,No,No,Sí,Sí,Sí,Sí,Salineras de Maras,Ollantaytambo,Medio,Sí,3500,Descanso previo,Bus,Cultural Andes Tour,Medio,Sí,Sí
27,Brasil,Portugués,Medio,6,Naturaleza,No,No,Sí,Sí,Sí,No,Sí,Salineras de Maras,Laguna Piuray,Medio,Sí,3400,Hidratación constante,Bus,Nature Salt Tour,Medio,Sí,Sí
36,Alemania,Alemán,Alto,10,Fotografía,No,No,No,Sí,Sí,Sí,Sí,Salineras de Maras,Machu Picchu,Medio,Sí,3500,Usar protector solar,Bus + Tren,Andes Photography,Medio,Sí,No
24,Chile,Español,Económico,4,Cultural,No,No,No,Sí,Sí,Sí,No,Salineras de Maras,Centro Histórico de Cusco,Bajo,No,3200,Consumir mate de coca,Bus,City & Salt Tour,Bajo,Sí,Sí
33,Francia,Francés,Alto,8,Fotografía,No,No,Sí,Sí,Sí,Sí,Sí,Salineras de Maras,Pisac,Medio,Sí,3450,Aclimatación previa,Bus,Sacred Salt Explorer,Medio,Sí,Sí
29,México,Español,Medio,5,Cultural,No,No,No,Sí,Sí,Sí,Sí,Salineras de Maras,Urubamba,Medio,Sí,3400,Descanso moderado,Bus,Ruta Maras Imperial,Medio,Sí,Sí
45,Reino Unido,Inglés,Alto,11,Fotografía,No,No,Sí,Sí,Sí,Sí,Sí,Salineras de Maras,Moray,Medio,Sí,3500,Aclimatación recomendada,Bus + Caminata,Andes Premium Salt,Medio,Sí,Sí
21,Colombia,Español,Económico,4,Mochilero,No,No,No,Sí,Sí,No,Sí,Salineras de Maras,Maras,Bajo,Sí,3200,Hidratación básica,Bus,Backpacker Maras,Bajo,Sí,Sí
39,Japón,Japonés,Alto,9,Fotografía,No,No,Sí,Sí,Sí,Sí,Sí,Salineras de Maras,Moray,Medio,Sí,3500,Llevar snacks energéticos,Bus + Caminata,Photo Andes Route,Medio,Sí,Sí
30,España,Español,Medio,6,Cultural,No,No,No,Sí,Sí,Sí,Sí,Salineras de Maras,Chinchero,Medio,Sí,3400,Hidratación constante,Bus,Maras Heritage Tour,Medio,Sí,Sí
35,China,Chino,Alto,10,Fotografía,No,No,No,Sí,Sí,Sí,Sí,Salineras de Maras,Valle Sagrado,Medio,Sí,3500,Aclimatación previa,Bus,Andes Heritage Tour,Medio,Sí,Sí
25,Perú,Español,Económico,5,Naturaleza,No,No,No,Sí,Sí,No,Sí,Salineras de Maras,Laguna Huaypo,Bajo,Sí,3200,Consumir agua,Bus,Nature Valley Tour,Bajo,Sí,Sí
42,Italia,Italiano,Alto,8,Cultural,No,No,Sí,Sí,Sí,Sí,Sí,Salineras de Maras,Ollantaytambo,Medio,Sí,3450,Descansar antes del tour,Bus + Caminata,Heritage Salt Experience,Medio,Sí,Sí
31,Corea del Sur,Coreano,Alto,7,Fotografía,No,No,No,Sí,Sí,Sí,Sí,Salineras de Maras,Machu Picchu,Medio,Sí,3450,Hidratación continua,Bus,Imperial Maras Tour,Medio,Sí,No
23,Bolivia,Español,Económico,4,Mochilero,No,No,No,Sí,Sí,No,Sí,Salineras de Maras,Yucay,Bajo,Sí,3200,Descansar correctamente,Bus,Tour Económico Cusco,Bajo,Sí,Sí
46,Suiza,Alemán,Alto,11,Cultural,No,No,Sí,Sí,Sí,Sí,Sí,Salineras de Maras,Machu Picchu,Medio,Sí,3500,Preparación ligera,Bus + Tren,Premium Heritage Salt,Medio,Sí,No
27,Ecuador,Español,Medio,5,Cultural,No,No,No,Sí,Sí,Sí,Sí,Salineras de Maras,Chinchero,Bajo,Sí,3300,Evitar comidas pesadas,Bus,Circuito Maras,Bajo,Sí,Sí
35,Países Bajos,Inglés,Alto,8,Fotografía,No,No,No,Sí,Sí,Sí,Sí,Salineras de Maras,Valle Sagrado,Medio,Sí,3500,Hidratación y descanso,Bus + Caminata,City Photo Salt Tour,Medio,Sí,Sí
24,Venezuela,Español,Económico,4,Aventura,No,No,Sí,Sí,Sí,No,Sí,Salineras de Maras,Ollantaytambo,Medio,Sí,3300,Consumir líquidos,Bus,Ruta Cultural Andes,Medio,Sí,Sí
47,Noruega,Inglés,Alto,10,Fotografía,No,No,No,Sí,Sí,Sí,Sí,Salineras de Maras,Moray,Medio,Sí,3500,Aclimatación obligatoria,Bus,Andes Premium Salt,Bajo,Sí,Sí
28,Portugal,Portugués,Medio,6,Cultural,No,No,No,Sí,Sí,Sí,Sí,Salineras de Maras,Yucay,Bajo,Sí,3300,Evitar alcohol,Bus,Ruta Colonial Salt,Bajo,Sí,Sí
32,Israel,Hebreo,Alto,9,Fotografía,No,No,Sí,Sí,Sí,Sí,Sí,Salineras de Maras,Pisac,Medio,Sí,3450,Descanso previo,Bus,Andes Heritage Route,Medio,Sí,Sí
26,Uruguay,Español,Económico,4,Mochilero,No,No,No,Sí,Sí,No,Sí,Salineras de Maras,Maras,Bajo,Sí,3200,Hidratación básica,Bus,City Backpacker Salt,Bajo,Sí,Sí
40,Irlanda,Inglés,Alto,9,Cultural,No,No,No,Sí,Sí,Sí,Sí,Salineras de Maras,Moray,Medio,Sí,3500,Consumir agua frecuentemente,Bus,Cultural Discovery Salt,Medio,Sí,Sí
29,Sudáfrica,Inglés,Medio,6,Fotografía,No,No,No,Sí,Sí,Sí,Sí,Salineras de Maras,Valle Sagrado,Medio,Sí,3450,Usar bloqueador solar,Bus + Caminata,City Adventure Salt,Medio,Sí,Sí
34,Filipinas,Inglés,Medio,5,Cultural,No,No,Sí,Sí,Sí,Sí,Sí,Salineras de Maras,Pisac,Bajo,Sí,3300,Medicamentos básicos,Bus,Cultural Andes Salt,Bajo,Sí,Sí
31,Marruecos,Árabe,Económico,4,Gastronómico,No,No,No,Sí,Sí,No,Sí,Salineras de Maras,Mercado de San Pedro,Bajo,No,3200,Descanso moderado,Bus,Food & Salt Tour,Bajo,Sí,Sí
43,Suecia,Inglés,Alto,11,Fotografía,No,No,No,Sí,Sí,Sí,Sí,Salineras de Maras,Ollantaytambo,Medio,Sí,3500,Aclimatación y descanso,Bus,Colonial Salt Explorer,Medio,Sí,Sí
27,Indonesia,Indonesio,Medio,6,Cultural,No,No,Sí,Sí,Sí,Sí,Sí,Salineras de Maras,Yucay,Medio,Sí,3400,Hidratación permanente,Bus + Caminata,City Heritage Salt,Medio,Sí,Sí
38,Dinamarca,Inglés,Alto,9,Fotografía,No,No,No,Sí,Sí,Sí,Sí,Salineras de Maras,Maras,Medio,Sí,3500,Preparación ligera,Bus,Historic Salt Tour,Medio,Sí,Sí
22,Paraguay,Español,Económico,4,Cultural,No,No,No,Sí,Sí,No,Sí,Salineras de Maras,Chinchero,Bajo,Sí,3200,Consumir agua,Bus,Tour Histórico Salt,Bajo,Sí,Sí
45,Austria,Alemán,Alto,10,Fotografía,Sí,No,Sí,Sí,Sí,Sí,Sí,Salineras de Maras,Pisac,Bajo,Sí,3300,Consulta médica,Bus,Cultural Premium Salt,Bajo,Sí,Sí
30,Costa Rica,Español,Medio,6,Cultural,No,No,No,Sí,Sí,Sí,Sí,Salineras de Maras,Moray,Medio,Sí,3400,Hidratación adecuada,Bus,Ruta Colonial Salt,Medio,Sí,Sí
25,Nueva Zelanda,Inglés,Alto,8,Fotografía,No,No,No,Sí,Sí,Sí,Sí,Salineras de Maras,Valle Sagrado,Medio,Sí,3500,Ropa cómoda,Bus + Caminata,Photo Walk Andes,Medio,Sí,Sí
37,Rusia,Ruso,Alto,9,Cultural,No,No,Sí,Sí,Sí,Sí,Sí,Salineras de Maras,Ollantaytambo,Medio,Sí,3500,Aclimatación previa,Bus,Cusco Imperial Salt,Medio,Sí,Sí
28,Perú,Español,Medio,5,Gastronómico,No,No,No,Sí,Sí,No,Sí,Salineras de Maras,Maras,Bajo,No,3300,Consumir mate de coca,Bus,Tour Gastronómico Salt,Bajo,Sí,Sí
36,Finlandia,Inglés,Alto,8,Fotografía,No,No,Sí,Sí,Sí,Sí,Sí,Salineras de Maras,Moray,Medio,Sí,3450,Hidratación continua,Bus,Andes Photo Salt,Medio,Sí,Sí
23,Perú,Español,Económico,4,Mochilero,No,No,No,Sí,Sí,No,Sí,Salineras de Maras,Chinchero,Bajo,Sí,3200,Descanso adecuado,Bus,City Budget Salt,Bajo,Sí,Sí
48,Hungría,Húngaro,Alto,11,Cultural,Sí,No,No,Sí,Sí,Sí,Sí,Salineras de Maras,Pisac,Bajo,Sí,3300,Control médico,Bus,Heritage Andes Salt,Bajo,Sí,Sí
31,Tailandia,Tailandés,Medio,6,Fotografía,No,No,Sí,Sí,Sí,Sí,Sí,Salineras de Maras,Maras,Medio,Sí,3450,Hidratación y descanso,Bus + Caminata,Cusco Colors Salt,Medio,Sí,Sí
35,Estados Unidos,Inglés,Alto,10,Cultural,No,No,No,Sí,Sí,Sí,Sí,Salineras de Maras,Ollantaytambo,Medio,Sí,3500,Preparación ligera,Bus,Peru History Salt,Medio,Sí,Sí
24,Perú,Español,Económico,4,Gastronómico,No,No,No,Sí,Sí,No,Sí,Salineras de Maras,Maras,Bajo,No,3200,Consumir líquidos,Bus,Cusco Sabores Salt,Bajo,Sí,Sí
41,Canadá,Inglés,Alto,9,Fotografía,No,No,Sí,Sí,Sí,Sí,Sí,Salineras de Maras,Moray,Medio,Sí,3500,Aclimatación previa,Bus,Colonial Photo Salt,Medio,Sí,Sí
27,España,Español,Medio,5,Cultural,No,No,No,Sí,Sí,Sí,Sí,Salineras de Maras,Pisac,Bajo,Sí,3300,Hidratación constante,Bus,Cultural Adventure Salt,Bajo,Sí,Sí
42,Brasil,Portugués,Alto,8,Fotografía,No,No,No,Sí,Sí,Sí,Sí,Salineras de Maras,Moray,Medio,Sí,3500,Ropa adecuada,Bus,Photo Premium Salt,Medio,Sí,Sí
29,Turquía,Turco,Medio,6,Cultural,No,No,Sí,Sí,Sí,Sí,Sí,Salineras de Maras,Ollantaytambo,Medio,Sí,3450,Llevar medicamentos,Bus + Caminata,Andes Salt Tour,Medio,Sí,Sí
38,India,Inglés,Alto,9,Fotografía,No,No,No,Sí,Sí,Sí,Sí,Salineras de Maras,Valle Sagrado,Medio,Sí,3500,Usar ropa ligera,Bus,City Explorer Salt,Medio,Sí,Sí
22,Bolivia,Español,Económico,4,Mochilero,No,No,No,Sí,Sí,No,Sí,Salineras de Maras,Chinchero,Bajo,Sí,3200,Hidratación adecuada,Bus,Backpacker Peru Salt,Bajo,Sí,Sí
44,Bélgica,Francés,Alto,8,Cultural,No,No,No,Sí,Sí,Sí,Sí,Salineras de Maras,Moray,Medio,Sí,3450,Control médico,Bus,Cultural Andes Salt,Medio,Sí,Sí
27,Perú,Español,Medio,4,Cultural,No,No,No,Sí,Sí,Sí,Sí,Chinchero,Moray,Bajo,No,3700,Hidratación adecuada,Bus,Tour Cultural,Bajo,Sí,Sí
35,Argentina,Español,Alto,6,Fotografía,No,No,No,Sí,Sí,Sí,Sí,Chinchero,Maras,Bajo,No,3700,Usar bloqueador,Auto,Photo Tour,Bajo,Sí,Sí
22,Chile,Español,Económico,3,Mochilero,No,No,No,No,Sí,No,Sí,Chinchero,Valle Sagrado,Bajo,No,3600,Consumir líquidos,Bus,Backpacker,Bajo,Sí,Sí
46,Estados Unidos,Inglés,Alto,8,Cultural,Sí,No,No,Sí,Sí,Sí,Sí,Chinchero,Cusco Histórico,Bajo,No,3500,Descanso previo,Auto,Tour Premium,Bajo,Sí,Sí
31,Brasil,Portugués,Medio,5,Aventura,No,No,No,Sí,Sí,No,Sí,Chinchero,Moray,Medio,Sí,3800,Hidratación constante,Bus,Full Day,Medio,Sí,Sí
39,Francia,Francés,Alto,7,Relajación,No,No,Sí,Sí,Sí,Sí,Sí,Chinchero,Maras,Bajo,No,3500,Evitar alcohol,Auto,Tour Relax,Bajo,Sí,Sí
24,México,Español,Económico,4,Mochilero,No,No,No,No,Sí,No,Sí,Chinchero,Valle Sagrado,Bajo,No,3600,Consumir mate de coca,Bus,Backpacker,Bajo,Sí,Sí
50,Canadá,Inglés,Alto,9,Cultural,Sí,Sí,No,Sí,Sí,Sí,Sí,Chinchero,Catedral del Cusco,Bajo,No,3400,Consulta médica,Auto,Tour Cultural,Bajo,Sí,Sí
28,Colombia,Español,Medio,5,Fotografía,No,No,No,Sí,Sí,Sí,Sí,Chinchero,Moray,Bajo,No,3700,Usar protector solar,Bus,Photo Tour,Bajo,Sí,Sí
33,Italia,Italiano,Alto,6,Cultural,No,No,No,Sí,Sí,Sí,Sí,Chinchero,Maras,Bajo,No,3600,Hidratación adecuada,Auto,Tour Histórico,Bajo,Sí,Sí
21,Bolivia,Español,Económico,2,Mochilero,No,No,No,No,Sí,No,Sí,Chinchero,Valle Sagrado,Bajo,No,3600,Consumir líquidos,Bus,Backpacker,Bajo,Sí,Sí
44,Reino Unido,Inglés,Alto,8,Relajación,Sí,No,No,Sí,Sí,Sí,Sí,Chinchero,Cusco Histórico,Bajo,No,3400,Descanso constante,Auto,Tour Relax,Bajo,Sí,Sí
29,Uruguay,Español,Medio,5,Cultural,No,No,No,Sí,Sí,Sí,Sí,Chinchero,Moray,Bajo,No,3700,Hidratación constante,Bus,City Tour,Bajo,Sí,Sí
37,Australia,Inglés,Alto,7,Fotografía,No,No,No,Sí,Sí,Sí,Sí,Chinchero,Maras,Bajo,No,3700,Usar bloqueador,Auto,Photo Tour,Bajo,Sí,Sí
23,Ecuador,Español,Económico,3,Mochilero,No,No,No,No,Sí,No,Sí,Chinchero,Valle Sagrado,Bajo,No,3600,Consumir líquidos,Bus,Backpacker,Bajo,Sí,Sí
48,Japón,Japonés,Alto,10,Relajación,Sí,Sí,No,Sí,Sí,Sí,Sí,Chinchero,Catedral del Cusco,Bajo,No,3400,Consulta médica,Auto,Tour Relax,Bajo,Sí,Sí
30,Paraguay,Español,Medio,5,Cultural,No,No,No,Sí,Sí,Sí,Sí,Chinchero,Moray,Bajo,No,3700,Evitar alcohol,Bus,Tour Histórico,Bajo,Sí,Sí
42,Portugal,Portugués,Alto,7,Fotografía,No,No,No,Sí,Sí,Sí,Sí,Chinchero,Maras,Bajo,No,3700,Usar protector solar,Auto,Photo Tour,Bajo,Sí,Sí
20,Venezuela,Español,Económico,2,Mochilero,No,No,No,No,Sí,No,Sí,Chinchero,Valle Sagrado,Bajo,No,3600,Consumir líquidos,Bus,Backpacker,Bajo,Sí,Sí
45,China,Chino,Alto,8,Cultural,Sí,No,No,Sí,Sí,Sí,Sí,Chinchero,Cusco Histórico,Bajo,No,3400,Descanso previo,Auto,Tour Cultural,Bajo,Sí,Sí
26,Costa Rica,Español,Medio,4,Aventura,No,No,No,Sí,Sí,No,Sí,Chinchero,Moray,Medio,Sí,3800,Hidratación adecuada,Bus,Full Day,Medio,Sí,Sí
34,Suiza,Alemán,Alto,6,Fotografía,No,No,No,Sí,Sí,Sí,Sí,Chinchero,Maras,Bajo,No,3700,Usar bloqueador,Auto,Photo Tour,Bajo,Sí,Sí
25,Perú,Español,Económico,3,Mochilero,No,No,No,No,Sí,No,Sí,Chinchero,Valle Sagrado,Bajo,No,3600,Consumir líquidos,Bus,Backpacker,Bajo,Sí,Sí
47,Estados Unidos,Inglés,Alto,9,Relajación,Sí,Sí,No,Sí,Sí,Sí,Sí,Chinchero,Catedral del Cusco,Bajo,No,3400,Consulta médica,Auto,Tour Relax,Bajo,Sí,Sí
32,México,Español,Medio,5,Cultural,No,No,No,Sí,Sí,Sí,Sí,Chinchero,Moray,Bajo,No,3700,Hidratación constante,Bus,City Tour,Bajo,Sí,Sí
38,Francia,Francés,Alto,7,Fotografía,No,No,Sí,Sí,Sí,Sí,Sí,Chinchero,Maras,Bajo,No,3700,Usar protector solar,Auto,Photo Tour,Bajo,Sí,Sí
22,Chile,Español,Económico,2,Mochilero,No,No,No,No,Sí,No,Sí,Chinchero,Valle Sagrado,Bajo,No,3600,Consumir líquidos,Bus,Backpacker,Bajo,Sí,Sí
49,Canadá,Inglés,Alto,8,Cultural,Sí,No,No,Sí,Sí,Sí,Sí,Chinchero,Cusco Histórico,Bajo,No,3400,Descanso previo,Auto,Tour Premium,Bajo,Sí,Sí
28,Argentina,Español,Medio,5,Fotografía,No,No,No,Sí,Sí,Sí,Sí,Chinchero,Moray,Bajo,No,3700,Hidratación adecuada,Bus,Photo Tour,Bajo,Sí,Sí
36,Italia,Italiano,Alto,6,Cultural,No,No,No,Sí,Sí,Sí,Sí,Chinchero,Maras,Bajo,No,3600,Evitar alcohol,Auto,Tour Histórico,Bajo,Sí,Sí
24,Brasil,Portugués,Económico,3,Mochilero,No,No,No,No,Sí,No,Sí,Chinchero,Valle Sagrado,Bajo,No,3600,Consumir mate de coca,Bus,Backpacker,Bajo,Sí,Sí
43,Alemania,Alemán,Alto,8,Relajación,Sí,Sí,No,Sí,Sí,Sí,Sí,Chinchero,Catedral del Cusco,Bajo,No,3400,Consulta médica,Auto,Tour Relax,Bajo,Sí,Sí
29,Colombia,Español,Medio,5,Cultural,No,No,No,Sí,Sí,Sí,Sí,Chinchero,Moray,Bajo,No,3700,Hidratación constante,Bus,City Tour,Bajo,Sí,Sí
40,Australia,Inglés,Alto,7,Fotografía,No,No,No,Sí,Sí,Sí,Sí,Chinchero,Maras,Bajo,No,3700,Usar bloqueador,Auto,Photo Tour,Bajo,Sí,Sí
21,Ecuador,Español,Económico,2,Mochilero,No,No,No,No,Sí,No,Sí,Chinchero,Valle Sagrado,Bajo,No,3600,Consumir líquidos,Bus,Backpacker,Bajo,Sí,Sí
46,Japón,Japonés,Alto,9,Cultural,Sí,No,No,Sí,Sí,Sí,Sí,Chinchero,Cusco Histórico,Bajo,No,3400,Descanso previo,Auto,Tour Cultural,Bajo,Sí,Sí
31,Paraguay,Español,Medio,5,Fotografía,No,No,No,Sí,Sí,Sí,Sí,Chinchero,Moray,Bajo,No,3700,Hidratación adecuada,Bus,Photo Tour,Bajo,Sí,Sí
39,Portugal,Portugués,Alto,7,Relajación,No,No,No,Sí,Sí,Sí,Sí,Chinchero,Maras,Bajo,No,3500,Evitar alcohol,Auto,Tour Relax,Bajo,Sí,Sí
23,Venezuela,Español,Económico,3,Mochilero,No,No,No,No,Sí,No,Sí,Chinchero,Valle Sagrado,Bajo,No,3600,Consumir líquidos,Bus,Backpacker,Bajo,Sí,Sí
44,China,Chino,Alto,8,Cultural,Sí,No,No,Sí,Sí,Sí,Sí,Chinchero,Catedral del Cusco,Bajo,No,3400,Consulta médica,Auto,Tour Histórico,Bajo,Sí,Sí
27,Costa Rica,Español,Medio,4,Aventura,No,No,No,Sí,Sí,No,Sí,Chinchero,Moray,Medio,Sí,3800,Hidratación adecuada,Bus,Full Day,Medio,Sí,Sí
35,Suiza,Alemán,Alto,6,Fotografía,No,No,No,Sí,Sí,Sí,Sí,Chinchero,Maras,Bajo,No,3700,Usar protector solar,Auto,Photo Tour,Bajo,Sí,Sí
26,Perú,Español,Económico,3,Mochilero,No,No,No,No,Sí,No,Sí,Chinchero,Valle Sagrado,Bajo,No,3600,Consumir líquidos,Bus,Backpacker,Bajo,Sí,Sí
48,Estados Unidos,Inglés,Alto,9,Relajación,Sí,Sí,No,Sí,Sí,Sí,Sí,Chinchero,Catedral del Cusco,Bajo,No,3400,Consulta médica,Auto,Tour Relax,Bajo,Sí,Sí
33,México,Español,Medio,5,Cultural,No,No,No,Sí,Sí,Sí,Sí,Chinchero,Moray,Bajo,No,3700,Hidratación constante,Bus,City Tour,Bajo,Sí,Sí
37,Francia,Francés,Alto,7,Fotografía,No,No,Sí,Sí,Sí,Sí,Sí,Chinchero,Maras,Bajo,No,3700,Usar bloqueador,Auto,Photo Tour,Bajo,Sí,Sí
22,Chile,Español,Económico,2,Mochilero,No,No,No,No,Sí,No,Sí,Chinchero,Valle Sagrado,Bajo,No,3600,Consumir líquidos,Bus,Backpacker,Bajo,Sí,SSí
50,Canadá,Inglés,Alto,10,Relajación,Sí,Sí,No,Sí,Sí,Sí,Sí,Chinchero,Catedral del Cusco,Bajo,No,3400,Consulta médica,Auto,Tour Relax,Bajo,Sí,Sí
30,Argentina,Español,Medio,5,Cultural,No,No,No,Sí,Sí,Sí,Sí,Chinchero,Moray,Bajo,No,3700,Hidratación adecuada,Bus,Tour Histórico,Bajo,Sí,Sí
41,Italia,Italiano,Alto,8,Fotografía,No,No,No,Sí,Sí,Sí,Sí,Chinchero,Maras,Bajo,No,3700,Usar protector solar,Auto,Photo Tour,Bajo,Sí,Sí
25,Brasil,Portugués,Económico,3,Mochilero,No,No,No,No,Sí,No,Sí,Chinchero,Valle Sagrado,Bajo,No,3600,Consumir líquidos,Bus,Backpacker,Bajo,Sí,Sí
26,Perú,Español,Medio,4,Aventura,No,No,No,Sí,Sí,Sí,Sí,Camino Inca,Machu Picchu,Alto,Sí,4200,Aclimatación previa,Trekking,Camino Inca Clásico,Alto,No,No
34,Estados Unidos,Inglés,Alto,7,Fotografía,No,No,Sí,Sí,Sí,Sí,Sí,Camino Inca,Wiñay Wayna,Alto,Sí,4300,Hidratación constante,Trekking,Inca Trail Premium,Alto,No,No
22,Argentina,Español,Económico,5,Mochilero,No,No,No,Sí,Sí,No,Sí,Camino Inca,Ollantaytambo,Alto,Sí,4100,Consumir líquidos,Trekking,Backpacker Inca Trail,Alto,No,No
41,Canadá,Inglés,Alto,8,Aventura,No,No,No,Sí,Sí,Sí,Sí,Camino Inca,Inti Punku,Alto,Sí,4300,Descanso adecuado,Trekking,Sacred Inca Trek,Alto,No,No
28,Brasil,Portugués,Medio,6,Naturaleza,No,No,Sí,Sí,Sí,No,Sí,Camino Inca,Valle Sagrado,Alto,Sí,4200,Hidratación continua,Trekking,Nature Inca Tour,Alto,No,No
37,Alemania,Alemán,Alto,9,Fotografía,No,No,No,Sí,Sí,Sí,Sí,Camino Inca,Runkurakay,Alto,Sí,4300,Usar protector solar,Trekking,Photo Inca Adventure,Alto,No,No
24,Chile,Español,Económico,4,Aventura,No,No,No,Sí,Sí,Sí,No,Camino Inca,Pisac,Medio,Sí,3900,Consumir mate de coca,Trekking,Ruta Inca Económica,Medio,No,No
33,Francia,Francés,Alto,8,Fotografía,No,No,Sí,Sí,Sí,Sí,Sí,Camino Inca,Machu Picchu,Alto,Sí,4300,Aclimatación obligatoria,Trekking,Andes Explorer Trek,Alto,No,No
29,México,Español,Medio,5,Cultural,No,No,No,Sí,Sí,Sí,Sí,Camino Inca,Sacsayhuamán,Medio,Sí,4000,Descanso moderado,Trekking,Inca Heritage Route,Medio,No,No
45,Reino Unido,Inglés,Alto,10,Fotografía,No,No,Sí,Sí,Sí,Sí,Sí,Camino Inca,Wiñay Wayna,Alto,Sí,4300,Preparación física,Trekking,Premium Andes Trek,Alto,No,No
21,Colombia,Español,Económico,4,Mochilero,No,No,No,Sí,Sí,No,Sí,Camino Inca,Cusco,Medio,Sí,3900,Hidratación básica,Trekking,Budget Inca Trek,Medio,No,No
39,Japón,Japonés,Alto,9,Fotografía,No,No,Sí,Sí,Sí,Sí,Sí,Camino Inca,Inti Punku,Alto,Sí,4300,Llevar snacks energéticos,Trekking,Photo Trek Peru,Alto,No,No
30,España,Español,Medio,6,Aventura,No,No,No,Sí,Sí,Sí,Sí,Camino Inca,Ollantaytambo,Alto,Sí,4200,Hidratación constante,Trekking,Inca Adventure Route,Alto,No,No
35,China,Chino,Alto,10,Fotografía,No,No,No,Sí,Sí,Sí,Sí,Camino Inca,Machu Picchu,Alto,Sí,4300,Aclimatación previa,Trekking,Andes Heritage Trek,Alto,No,No
25,Perú,Español,Económico,5,Naturaleza,No,No,No,Sí,Sí,No,Sí,Camino Inca,Valle Sagrado,Medio,Sí,3900,Consumir agua,Trekking,Nature Trek Peru,Medio,No,No
42,Italia,Italiano,Alto,8,Cultural,No,No,Sí,Sí,Sí,Sí,Sí,Camino Inca,Runkurakay,Alto,Sí,4250,Descansar antes del trekking,Trekking,Heritage Inca Experience,Alto,No,No
31,Corea del Sur,Coreano,Alto,7,Fotografía,No,No,No,Sí,Sí,Sí,Sí,Camino Inca,Inti Punku,Alto,Sí,4250,Hidratación continua,Trekking,Imperial Inca Trek,Alto,No,No
23,Bolivia,Español,Económico,4,Mochilero,No,No,No,Sí,Sí,No,Sí,Camino Inca,Cusco,Medio,Sí,3900,Descansar correctamente,Trekking,Tour Económico Trek,Medio,No,No
46,Suiza,Alemán,Alto,11,Aventura,No,No,Sí,Sí,Sí,Sí,Sí,Camino Inca,Machu Picchu,Alto,Sí,4300,Preparación física,Trekking,Premium Heritage Trek,Alto,No,No
27,Ecuador,Español,Medio,5,Cultural,No,No,No,Sí,Sí,Sí,Sí,Camino Inca,Pisac,Medio,Sí,4000,Evitar comidas pesadas,Trekking,Circuito Inca,Medio,No,No
35,Países Bajos,Inglés,Alto,8,Fotografía,No,No,No,Sí,Sí,Sí,Sí,Camino Inca,Wiñay Wayna,Alto,Sí,4300,Hidratación y descanso,Trekking,City Photo Trek,Alto,No,No
24,Venezuela,Español,Económico,4,Aventura,No,No,Sí,Sí,Sí,No,Sí,Camino Inca,Ollantaytambo,Medio,Sí,3900,Consumir líquidos,Trekking,Ruta Cultural Trek,Medio,No,No
47,Noruega,Inglés,Alto,10,Fotografía,No,No,No,Sí,Sí,Sí,Sí,Camino Inca,Inti Punku,Alto,Sí,4300,Aclimatación obligatoria,Trekking,Andes Premium Trek,Alto,No,No
28,Portugal,Portugués,Medio,6,Cultural,No,No,No,Sí,Sí,Sí,Sí,Camino Inca,Valle Sagrado,Medio,Sí,4000,Evitar alcohol,Trekking,Ruta Colonial Trek,Medio,No,No
32,Israel,Hebreo,Alto,9,Fotografía,No,No,Sí,Sí,Sí,Sí,Sí,Camino Inca,Machu Picchu,Alto,Sí,4300,Descanso previo,Trekking,Andes Heritage Route,Alto,No,No
26,Uruguay,Español,Económico,4,Mochilero,No,No,No,Sí,Sí,No,Sí,Camino Inca,Cusco,Medio,Sí,3900,Hidratación básica,Trekking,City Backpacker Trek,Medio,No,No
40,Irlanda,Inglés,Alto,9,Aventura,No,No,No,Sí,Sí,Sí,Sí,Camino Inca,Runkurakay,Alto,Sí,4250,Consumir agua frecuentemente,Trekking,Cultural Discovery Trek,Alto,No,No
29,Sudáfrica,Inglés,Medio,6,Fotografía,No,No,No,Sí,Sí,Sí,Sí,Camino Inca,Wiñay Wayna,Alto,Sí,4250,Usar bloqueador solar,Trekking,City Adventure Trek,Alto,No,No
34,Filipinas,Inglés,Medio,5,Cultural,No,No,Sí,Sí,Sí,Sí,Sí,Camino Inca,Pisac,Medio,Sí,4000,Medicamentos básicos,Trekking,Cultural Andes Trek,Medio,No,No
31,Marruecos,Árabe,Económico,4,Aventura,No,No,No,Sí,Sí,No,Sí,Camino Inca,Cusco,Medio,Sí,3900,Descanso moderado,Trekking,Food & Trek Tour,Medio,No,No
43,Suecia,Inglés,Alto,11,Fotografía,No,No,No,Sí,Sí,Sí,Sí,Camino Inca,Inti Punku,Alto,Sí,4300,Aclimatación y descanso,Trekking,Colonial Trek Explorer,Alto,No,No
27,Indonesia,Indonesio,Medio,6,Cultural,No,No,Sí,Sí,Sí,Sí,Sí,Camino Inca,Valle Sagrado,Medio,Sí,4050,Hidratación permanente,Trekking,City Heritage Trek,Medio,No,No
38,Dinamarca,Inglés,Alto,9,Fotografía,No,No,No,Sí,Sí,Sí,Sí,Camino Inca,Machu Picchu,Alto,Sí,4300,Preparación ligera,Trekking,Historic Trek Tour,Alto,No,No
22,Paraguay,Español,Económico,4,Cultural,No,No,No,Sí,Sí,No,Sí,Camino Inca,Cusco,Medio,Sí,3900,Consumir agua,Trekking,Tour Histórico Trek,Medio,No,No
45,Austria,Alemán,Alto,10,Fotografía,Sí,No,Sí,Sí,Sí,Sí,Sí,Camino Inca,Pisac,Medio,Sí,4000,Consulta médica,Trekking,Cultural Premium Trek,Medio,No,No
30,Costa Rica,Español,Medio,6,Aventura,No,No,No,Sí,Sí,Sí,Sí,Camino Inca,Runkurakay,Alto,Sí,4200,Hidratación adecuada,Trekking,Ruta Colonial Trek,Alto,No,No
25,Nueva Zelanda,Inglés,Alto,8,Fotografía,No,No,No,Sí,Sí,Sí,Sí,Camino Inca,Wiñay Wayna,Alto,Sí,4250,Ropa cómoda,Trekking,Photo Walk Andes,Alto,No,No
37,Rusia,Ruso,Alto,9,Cultural,No,No,Sí,Sí,Sí,Sí,Sí,Camino Inca,Machu Picchu,Alto,Sí,4300,Aclimatación previa,Trekking,Cusco Imperial Trek,Alto,No,No
28,Perú,Español,Medio,5,Gastronómico,No,No,No,Sí,Sí,No,Sí,Camino Inca,Cusco,Medio,Sí,3950,Consumir mate de coca,Trekking,Tour Gastronómico Trek,Medio,No,No
36,Finlandia,Inglés,Alto,8,Fotografía,No,No,Sí,Sí,Sí,Sí,Sí,Camino Inca,Inti Punku,Alto,Sí,4250,Hidratación continua,Trekking,Andes Photo Trek,Alto,No,No
23,Perú,Español,Económico,4,Mochilero,No,No,No,Sí,Sí,No,Sí,Camino Inca,Cusco,Medio,Sí,3900,Descanso adecuado,Trekking,City Budget Trek,Medio,No,No
48,Hungría,Húngaro,Alto,11,Cultural,Sí,No,No,Sí,Sí,Sí,Sí,Camino Inca,Pisac,Medio,Sí,4000,Control médico,Trekking,Heritage Andes Trek,Medio,No,No
31,Tailandia,Tailandés,Medio,6,Fotografía,No,No,Sí,Sí,Sí,Sí,Sí,Camino Inca,Wiñay Wayna,Alto,Sí,4250,Hidratación y descanso,Trekking,Cusco Colors Trek,Alto,No,No
35,Estados Unidos,Inglés,Alto,10,Aventura,No,No,No,Sí,Sí,Sí,Sí,Camino Inca,Machu Picchu,Alto,Sí,4300,Preparación ligera,Trekking,Peru History Trek,Alto,No,No
24,Perú,Español,Económico,4,Gastronómico,No,No,No,Sí,Sí,No,Sí,Camino Inca,Cusco,Medio,Sí,3900,Consumir líquidos,Trekking,Cusco Sabores Trek,Medio,No,No
41,Canadá,Inglés,Alto,9,Fotografía,No,No,Sí,Sí,Sí,Sí,Sí,Camino Inca,Runkurakay,Alto,Sí,4250,Aclimatación previa,Trekking,Colonial Photo Trek,Alto,No,No
27,España,Español,Medio,5,Cultural,No,No,No,Sí,Sí,Sí,Sí,Camino Inca,Pisac,Medio,Sí,4000,Hidratación constante,Trekking,Cultural Adventure Trek,Medio,No,No
42,Brasil,Portugués,Alto,8,Fotografía,No,No,No,Sí,Sí,Sí,Sí,Camino Inca,Inti Punku,Alto,Sí,4300,Ropa adecuada,Trekking,Photo Premium Trek,Alto,No,No
29,Turquía,Turco,Medio,6,Cultural,No,No,Sí,Sí,Sí,Sí,Sí,Camino Inca,Ollantaytambo,Medio,Sí,4050,Llevar medicamentos,Trekking,Andes Trek Tour,Medio,No,No
38,India,Inglés,Alto,9,Fotografía,No,No,No,Sí,Sí,Sí,Sí,Camino Inca,Machu Picchu,Alto,Sí,4300,Usar ropa ligera,Trekking,City Explorer Trek,Alto,No,No
22,Bolivia,Español,Económico,4,Mochilero,No,No,No,Sí,Sí,No,Sí,Camino Inca,Cusco,Medio,Sí,3900,Hidratación adecuada,Trekking,Backpacker Peru Trek,Medio,No,No
44,Bélgica,Francés,Alto,8,Cultural,No,No,No,Sí,Sí,Sí,Sí,Camino Inca,Runkurakay,Alto,Sí,4250,Control médico,Trekking,Cultural Andes Trek,Alto,No,No
24,Perú,Español,Medio,5,Aventura,No,No,No,Sí,Sí,No,Sí,Salkantay Trek,Laguna Humantay,Alto,Sí,4600,Aclimatación previa,Caminata,Trekking,Alto,No,No
31,Argentina,Español,Alto,7,Fotografía,No,No,No,Sí,Sí,Sí,Sí,Salkantay Trek,Nevado Salkantay,Alto,Sí,4700,Hidratación constante,Caminata,Photo Trek,Alto,No,No
22,Chile,Español,Económico,6,Mochilero,No,No,No,No,Sí,No,Sí,Salkantay Trek,Choquequirao,Extremo,Sí,4800,Consumir líquidos,Caminata,Backpacker Trek,Extremo,No,No
45,Estados Unidos,Inglés,Alto,8,Aventura,Sí,No,No,Sí,Sí,No,Sí,Salkantay Trek,Laguna Humantay,Medio,Sí,4300,Consulta médica,Bus,Adventure Tour,Medio,Sí,No
28,Brasil,Portugués,Medio,5,Naturaleza,No,No,No,Sí,Sí,No,Sí,Salkantay Trek,Soraypampa,Alto,Sí,4500,Usar bloqueador,Caminata,Full Trek,Alto,No,No
39,Francia,Francés,Alto,9,Fotografía,No,No,Sí,Sí,Sí,Sí,Sí,Salkantay Trek,Nevado Salkantay,Alto,Sí,4700,Hidratación adecuada,Caminata,Photo Expedition,Alto,No,No
21,México,Español,Económico,6,Mochilero,No,No,No,No,Sí,No,Sí,Salkantay Trek,Choquequirao,Extremo,Sí,4800,Consumir mate de coca,Caminata,Backpacker Trek,Extremo,No,No
50,Canadá,Inglés,Alto,10,Relajación,Sí,Sí,No,Sí,Sí,Sí,Sí,Salkantay Trek,Valle Sagrado,Medio,Sí,4200,Descanso constante,Auto,Tour Relax,Medio,Sí,Sí
27,Colombia,Español,Medio,5,Aventura,No,No,No,Sí,Sí,No,Sí,Salkantay Trek,Laguna Humantay,Alto,Sí,4600,Hidratación adecuada,Caminata,Adventure Trek,Alto,No,No
33,Italia,Italiano,Alto,7,Fotografía,No,No,No,Sí,Sí,Sí,Sí,Salkantay Trek,Nevado Salkantay,Alto,Sí,4700,Usar protector solar,Caminata,Photo Trek,Alto,No,No
20,Bolivia,Español,Económico,5,Mochilero,No,No,No,No,Sí,No,Sí,Salkantay Trek,Choquequirao,Extremo,Sí,4800,Consumir líquidos,Caminata,Backpacker Trek,Extremo,No,No
44,Reino Unido,Inglés,Alto,8,Naturaleza,Sí,No,No,Sí,Sí,Sí,Sí,Salkantay Trek,Soraypampa,Medio,Sí,4300,Consulta médica,Bus,Nature Tour,Medio,Sí,No
29,Uruguay,Español,Medio,6,Aventura,No,No,No,Sí,Sí,No,Sí,Salkantay Trek,Laguna Humantay,Alto,Sí,4600,Evitar alcohol,Caminata,Trekking,Alto,No,No
37,Australia,Inglés,Alto,9,Fotografía,No,No,No,Sí,Sí,Sí,Sí,Salkantay Trek,Nevado Salkantay,Alto,Sí,4700,Hidratación constante,Caminata,Photo Expedition,Alto,No,No
23,Ecuador,Español,Económico,5,Mochilero,No,No,No,No,Sí,No,Sí,Salkantay Trek,Choquequirao,Extremo,Sí,4800,Consumir líquidos,Caminata,Backpacker Trek,Extremo,No,No
48,Japón,Japonés,Alto,10,Naturaleza,Sí,Sí,No,Sí,Sí,Sí,Sí,Salkantay Trek,Valle Sagrado,Medio,Sí,4200,Descanso constante,Auto,Tour Relax,Medio,Sí,Sí
30,Paraguay,Español,Medio,6,Aventura,No,No,No,Sí,Sí,No,Sí,Salkantay Trek,Laguna Humantay,Alto,Sí,4600,Hidratación adecuada,Caminata,Adventure Trek,Alto,No,No
42,Portugal,Portugués,Alto,8,Fotografía,No,No,No,Sí,Sí,Sí,Sí,Salkantay Trek,Nevado Salkantay,Alto,Sí,4700,Usar bloqueador,Caminata,Photo Trek,Alto,No,No
20,Venezuela,Español,Económico,5,Mochilero,No,No,No,No,Sí,No,Sí,Salkantay Trek,Choquequirao,Extremo,Sí,4800,Consumir líquidos,Caminata,Backpacker Trek,Extremo,No,No
45,China,Chino,Alto,9,Naturaleza,Sí,No,No,Sí,Sí,Sí,Sí,Salkantay Trek,Soraypampa,Medio,Sí,4300,Consulta médica,Bus,Nature Tour,Medio,Sí,No
26,Costa Rica,Español,Medio,5,Aventura,No,No,No,Sí,Sí,No,Sí,Salkantay Trek,Laguna Humantay,Alto,Sí,4600,Aclimatación previa,Caminata,Full Trek,Alto,No,No
34,Suiza,Alemán,Alto,7,Fotografía,No,No,No,Sí,Sí,Sí,Sí,Salkantay Trek,Nevado Salkantay,Alto,Sí,4700,Hidratación adecuada,Caminata,Photo Expedition,Alto,No,No
25,Perú,Español,Económico,5,Mochilero,No,No,No,No,Sí,No,Sí,Salkantay Trek,Choquequirao,Extremo,Sí,4800,Consumir líquidos,Caminata,Backpacker Trek,Extremo,No,No
47,Estados Unidos,Inglés,Alto,9,Relajación,Sí,Sí,No,Sí,Sí,Sí,Sí,Salkantay Trek,Valle Sagrado,Medio,Sí,4200,Consulta médica,Auto,Tour Relax,Medio,Sí,Sí
32,México,Español,Medio,6,Aventura,No,No,No,Sí,Sí,No,Sí,Salkantay Trek,Laguna Humantay,Alto,Sí,4600,Hidratación constante,Caminata,Trekking,Alto,No,No
38,Francia,Francés,Alto,8,Fotografía,No,No,Sí,Sí,Sí,Sí,Sí,Salkantay Trek,Nevado Salkantay,Alto,Sí,4700,Usar protector solar,Caminata,Photo Trek,Alto,No,No
22,Chile,Español,Económico,5,Mochilero,No,No,No,No,Sí,No,Sí,Salkantay Trek,Choquequirao,Extremo,Sí,4800,Consumir líquidos,Caminata,Backpacker Trek,Extremo,No,No
49,Canadá,Inglés,Alto,10,Naturaleza,Sí,No,No,Sí,Sí,Sí,Sí,Salkantay Trek,Soraypampa,Medio,Sí,4300,Consulta médica,Bus,Nature Tour,Medio,Sí,No
28,Argentina,Español,Medio,6,Aventura,No,No,No,Sí,Sí,No,Sí,Salkantay Trek,Laguna Humantay,Alto,Sí,4600,Hidratación adecuada,Caminata,Adventure Trek,Alto,No,No
36,Italia,Italiano,Alto,7,Fotografía,No,No,No,Sí,Sí,Sí,Sí,Salkantay Trek,Nevado Salkantay,Alto,Sí,4700,Usar bloqueador,Caminata,Photo Expedition,Alto,No,No
24,Brasil,Portugués,Económico,5,Mochilero,No,No,No,No,Sí,No,Sí,Salkantay Trek,Choquequirao,Extremo,Sí,4800,Consumir mate de coca,Caminata,Backpacker Trek,Extremo,No,No
43,Alemania,Alemán,Alto,9,Relajación,Sí,Sí,No,Sí,Sí,Sí,Sí,Salkantay Trek,Valle Sagrado,Medio,Sí,4200,Consulta médica,Auto,Tour Relax,Medio,Sí,Sí
29,Colombia,Español,Medio,6,Aventura,No,No,No,Sí,Sí,No,Sí,Salkantay Trek,Laguna Humantay,Alto,Sí,4600,Evitar alcohol,Caminata,Trekking,Alto,No,No
40,Australia,Inglés,Alto,8,Fotografía,No,No,No,Sí,Sí,Sí,Sí,Salkantay Trek,Nevado Salkantay,Alto,Sí,4700,Hidratación constante,Caminata,Photo Trek,Alto,No,No
21,Ecuador,Español,Económico,5,Mochilero,No,No,No,No,Sí,No,Sí,Salkantay Trek,Choquequirao,Extremo,Sí,4800,Consumir líquidos,Caminata,Backpacker Trek,Extremo,No,No
46,Japón,Japonés,Alto,9,Naturaleza,Sí,No,No,Sí,Sí,Sí,Sí,Salkantay Trek,Soraypampa,Medio,Sí,4300,Consulta médica,Bus,Nature Tour,Medio,Sí,No
31,Paraguay,Español,Medio,6,Fotografía,No,No,No,Sí,Sí,Sí,Sí,Salkantay Trek,Nevado Salkantay,Alto,Sí,4700,Usar protector solar,Caminata,Photo Expedition,Alto,No,No
39,Portugal,Portugués,Alto,8,Relajación,No,No,No,Sí,Sí,Sí,Sí,Salkantay Trek,Valle Sagrado,Medio,Sí,4200,Descanso constante,Auto,Tour Relax,Medio,Sí,Sí
23,Venezuela,Español,Económico,5,Mochilero,No,No,No,No,Sí,No,Sí,Salkantay Trek,Choquequirao,Extremo,Sí,4800,Consumir líquidos,Caminata,Backpacker Trek,Extremo,No,No
44,China,Chino,Alto,9,Naturaleza,Sí,No,No,Sí,Sí,Sí,Sí,Salkantay Trek,Soraypampa,Medio,Sí,4300,Consulta médica,Bus,Nature Tour,Medio,Sí,No
27,Costa Rica,Español,Medio,5,Aventura,No,No,No,Sí,Sí,No,Sí,Salkantay Trek,Laguna Humantay,Alto,Sí,4600,Hidratación adecuada,Caminata,Adventure Trek,Alto,No,No
35,Suiza,Alemán,Alto,7,Fotografía,No,No,No,Sí,Sí,Sí,Sí,Salkantay Trek,Nevado Salkantay,Alto,Sí,4700,Usar bloqueador,Caminata,Photo Trek,Alto,No,No
26,Perú,Español,Económico,5,Mochilero,No,No,No,No,Sí,No,Sí,Salkantay Trek,Choquequirao,Extremo,Sí,4800,Consumir líquidos,Caminata,Backpacker Trek,Extremo,No,No
48,Estados Unidos,Inglés,Alto,10,Relajación,Sí,Sí,No,Sí,Sí,Sí,Sí,Salkantay Trek,Valle Sagrado,Medio,Sí,4200,Consulta médica,Auto,Tour Relax,Medio,Sí,Sí
33,México,Español,Medio,6,Aventura,No,No,No,Sí,Sí,No,Sí,Salkantay Trek,Laguna Humantay,Alto,Sí,4600,Hidratación constante,Caminata,Trekking,Alto,No,No
37,Francia,Francés,Alto,8,Fotografía,No,No,Sí,Sí,Sí,Sí,Sí,Salkantay Trek,Nevado Salkantay,Alto,Sí,4700,Usar protector solar,Caminata,Photo Expedition,Alto,No,No
22,Chile,Español,Económico,5,Mochilero,No,No,No,No,Sí,No,Sí,Salkantay Trek,Choquequirao,Extremo,Sí,4800,Consumir líquidos,Caminata,Backpacker Trek,Extremo,No,No
50,Canadá,Inglés,Alto,10,Naturaleza,Sí,Sí,No,Sí,Sí,Sí,Sí,Salkantay Trek,Soraypampa,Medio,Sí,4300,Consulta médica,Bus,Nature Tour,Medio,Sí,No
30,Argentina,Español,Medio,6,Aventura,No,No,No,Sí,Sí,No,Sí,Salkantay Trek,Laguna Humantay,Alto,Sí,4600,Aclimatación previa,Caminata,Full Trek,Alto,No,No
41,Italia,Italiano,Alto,8,Fotografía,No,No,No,Sí,Sí,Sí,Sí,Salkantay Trek,Nevado Salkantay,Alto,Sí,4700,Usar protector solar,Caminata,Photo Trek,Alto,No,No
25,Brasil,Portugués,Económico,5,Mochilero,No,No,No,No,Sí,No,Sí,Salkantay Trek,Choquequirao,Extremo,Sí,4800,Consumir líquidos,Caminata,Backpacker Trek,Extremo,No,No
23,Perú,Español,Medio,4,Aventura,No,No,No,Sí,Sí,No,Sí,Inca Jungle,Machu Picchu,Alto,Sí,4300,Hidratación constante,Bicicleta,Adventure Tour,Alto,No,No
31,Argentina,Español,Alto,5,Fotografía,No,No,No,Sí,Sí,Sí,Sí,Inca Jungle,Santa Teresa,Alto,Sí,4200,Usar bloqueador,Caminata,Photo Adventure,Alto,No,No
26,Chile,Español,Económico,4,Mochilero,No,No,No,No,Sí,No,Sí,Inca Jungle,Hidroeléctrica,Extremo,Sí,4300,Consumir líquidos,Caminata,Backpacker Trek,Extremo,No,No
42,Estados Unidos,Inglés,Alto,6,Aventura,Sí,No,No,Sí,Sí,No,Sí,Inca Jungle,Machu Picchu,Medio,Sí,4000,Consulta médica,Bus,Premium Adventure,Medio,Sí,No
29,Brasil,Portugués,Medio,5,Naturaleza,No,No,No,Sí,Sí,No,Sí,Inca Jungle,Santa María,Alto,Sí,4200,Aclimatación previa,Caminata,Full Adventure,Alto,No,No
35,Francia,Francés,Alto,6,Fotografía,No,No,Sí,Sí,Sí,Sí,Sí,Inca Jungle,Santa Teresa,Alto,Sí,4300,Hidratación adecuada,Caminata,Photo Trek,Alto,No,No
21,México,Español,Económico,4,Mochilero,No,No,No,No,Sí,No,Sí,Inca Jungle,Hidroeléctrica,Extremo,Sí,4300,Consumir mate de coca,Caminata,Backpacker Adventure,Extremo,No,No
48,Canadá,Inglés,Alto,7,Relajación,Sí,Sí,No,Sí,Sí,Sí,Sí,Inca Jungle,Aguas Calientes,Medio,Sí,3900,Descanso constante,Auto,Tour Relax,Medio,Sí,Sí
27,Colombia,Español,Medio,5,Aventura,No,No,No,Sí,Sí,No,Sí,Inca Jungle,Machu Picchu,Alto,Sí,4200,Hidratación adecuada,Bicicleta,Adventure Trek,Alto,No,No
33,Italia,Italiano,Alto,6,Fotografía,No,No,No,Sí,Sí,Sí,Sí,Inca Jungle,Santa Teresa,Alto,Sí,4300,Usar protector solar,Caminata,Photo Expedition,Alto,No,No
20,Bolivia,Español,Económico,4,Mochilero,No,No,No,No,Sí,No,Sí,Inca Jungle,Hidroeléctrica,Extremo,Sí,4300,Consumir líquidos,Caminata,Backpacker Tour,Extremo,No,No
44,Reino Unido,Inglés,Alto,6,Naturaleza,Sí,No,No,Sí,Sí,Sí,Sí,Inca Jungle,Santa María,Medio,Sí,4000,Consulta médica,Bus,Nature Adventure,Medio,Sí,No
28,Uruguay,Español,Medio,5,Aventura,No,No,No,Sí,Sí,No,Sí,Inca Jungle,Machu Picchu,Alto,Sí,4200,Evitar alcohol,Bicicleta,Trekking Adventure,Alto,No,No
37,Australia,Inglés,Alto,7,Fotografía,No,No,No,Sí,Sí,Sí,Sí,Inca Jungle,Santa Teresa,Alto,Sí,4300,Hidratación constante,Caminata,Photo Adventure,Alto,No,No
24,Ecuador,Español,Económico,4,Mochilero,No,No,No,No,Sí,No,Sí,Inca Jungle,Hidroeléctrica,Extremo,Sí,4300,Consumir líquidos,Caminata,Backpacker Trek,Extremo,No,No
46,Japón,Japonés,Alto,7,Naturaleza,Sí,Sí,No,Sí,Sí,Sí,Sí,Inca Jungle,Aguas Calientes,Medio,Sí,3900,Descanso constante,Auto,Tour Relax,Medio,Sí,Sí
30,Paraguay,Español,Medio,5,Aventura,No,No,No,Sí,Sí,No,Sí,Inca Jungle,Machu Picchu,Alto,Sí,4200,Hidratación adecuada,Bicicleta,Adventure Trek,Alto,No,No
39,Portugal,Portugués,Alto,6,Fotografía,No,No,No,Sí,Sí,Sí,Sí,Inca Jungle,Santa Teresa,Alto,Sí,4300,Usar bloqueador,Caminata,Photo Trek,Alto,No,No
22,Venezuela,Español,Económico,4,Mochilero,No,No,No,No,Sí,No,Sí,Inca Jungle,Hidroeléctrica,Extremo,Sí,4300,Consumir líquidos,Caminata,Backpacker Tour,Extremo,No,No
45,China,Chino,Alto,7,Naturaleza,Sí,No,No,Sí,Sí,Sí,Sí,Inca Jungle,Santa María,Medio,Sí,4000,Consulta médica,Bus,Nature Tour,Medio,Sí,No
26,Costa Rica,Español,Medio,5,Aventura,No,No,No,Sí,Sí,No,Sí,Inca Jungle,Machu Picchu,Alto,Sí,4200,Aclimatación previa,Bicicleta,Full Adventure,Alto,No,No
34,Suiza,Alemán,Alto,6,Fotografía,No,No,No,Sí,Sí,Sí,Sí,Inca Jungle,Santa Teresa,Alto,Sí,4300,Hidratación adecuada,Caminata,Photo Expedition,Alto,No,No
25,Perú,Español,Económico,4,Mochilero,No,No,No,No,Sí,No,Sí,Inca Jungle,Hidroeléctrica,Extremo,Sí,4300,Consumir líquidos,Caminata,Backpacker Trek,Extremo,No,No
47,Estados Unidos,Inglés,Alto,7,Relajación,Sí,Sí,No,Sí,Sí,Sí,Sí,Inca Jungle,Aguas Calientes,Medio,Sí,3900,Consulta médica,Auto,Tour Relax,Medio,Sí,Sí
32,México,Español,Medio,5,Aventura,No,No,No,Sí,Sí,No,Sí,Inca Jungle,Machu Picchu,Alto,Sí,4200,Hidratación constante,Bicicleta,Adventure Trek,Alto,No,No
38,Francia,Francés,Alto,6,Fotografía,No,No,Sí,Sí,Sí,Sí,Sí,Inca Jungle,Santa Teresa,Alto,Sí,4300,Usar protector solar,Caminata,Photo Trek,Alto,No,No
21,Chile,Español,Económico,4,Mochilero,No,No,No,No,Sí,No,Sí,Inca Jungle,Hidroeléctrica,Extremo,Sí,4300,Consumir líquidos,Caminata,Backpacker Adventure,Extremo,No,No
49,Canadá,Inglés,Alto,7,Naturaleza,Sí,No,No,Sí,Sí,Sí,Sí,Inca Jungle,Santa María,Medio,Sí,4000,Consulta médica,Bus,Nature Adventure,Medio,Sí,No
29,Argentina,Español,Medio,5,Aventura,No,No,No,Sí,Sí,No,Sí,Inca Jungle,Machu Picchu,Alto,Sí,4200,Hidratación adecuada,Bicicleta,Adventure Trek,Alto,No,No
36,Italia,Italiano,Alto,6,Fotografía,No,No,No,Sí,Sí,Sí,Sí,Inca Jungle,Santa Teresa,Alto,Sí,4300,Usar bloqueador,Caminata,Photo Expedition,Alto,No,No
24,Brasil,Portugués,Económico,4,Mochilero,No,No,No,No,Sí,No,Sí,Inca Jungle,Hidroeléctrica,Extremo,Sí,4300,Consumir mate de coca,Caminata,Backpacker Trek,Extremo,No,No
43,Alemania,Alemán,Alto,7,Relajación,Sí,Sí,No,Sí,Sí,Sí,Sí,Inca Jungle,Aguas Calientes,Medio,Sí,3900,Consulta médica,Auto,Tour Relax,Medio,Sí,Sí
28,Colombia,Español,Medio,5,Aventura,No,No,No,Sí,Sí,No,Sí,Inca Jungle,Machu Picchu,Alto,Sí,4200,Evitar alcohol,Bicicleta,Trekking Adventure,Alto,No,No
40,Australia,Inglés,Alto,6,Fotografía,No,No,No,Sí,Sí,Sí,Sí,Inca Jungle,Santa Teresa,Alto,Sí,4300,Hidratación constante,Caminata,Photo Adventure,Alto,No,No
22,Ecuador,Español,Económico,4,Mochilero,No,No,No,No,Sí,No,Sí,Inca Jungle,Hidroeléctrica,Extremo,Sí,4300,Consumir líquidos,Caminata,Backpacker Tour,Extremo,No,No
46,Japón,Japonés,Alto,7,Naturaleza,Sí,No,No,Sí,Sí,Sí,Sí,Inca Jungle,Santa María,Medio,Sí,4000,Consulta médica,Bus,Nature Tour,Medio,Sí,No
31,Paraguay,Español,Medio,5,Fotografía,No,No,No,Sí,Sí,Sí,Sí,Inca Jungle,Santa Teresa,Alto,Sí,4300,Usar protector solar,Caminata,Photo Expedition,Alto,No,No
39,Portugal,Portugués,Alto,6,Relajación,No,No,No,Sí,Sí,Sí,Sí,Inca Jungle,Aguas Calientes,Medio,Sí,3900,Descanso constante,Auto,Tour Relax,Medio,Sí,Sí
23,Venezuela,Español,Económico,4,Mochilero,No,No,No,No,Sí,No,Sí,Inca Jungle,Hidroeléctrica,Extremo,Sí,4300,Consumir líquidos,Caminata,Backpacker Trek,Extremo,No,No
44,China,Chino,Alto,7,Naturaleza,Sí,No,No,Sí,Sí,Sí,Sí,Inca Jungle,Santa María,Medio,Sí,4000,Consulta médica,Bus,Nature Adventure,Medio,Sí,No
27,Costa Rica,Español,Medio,5,Aventura,No,No,No,Sí,Sí,No,Sí,Inca Jungle,Machu Picchu,Alto,Sí,4200,Hidratación adecuada,Bicicleta,Adventure Trek,Alto,No,No
35,Suiza,Alemán,Alto,6,Fotografía,No,No,No,Sí,Sí,Sí,Sí,Inca Jungle,Santa Teresa,Alto,Sí,4300,Usar bloqueador,Caminata,Photo Trek,Alto,No,No
26,Perú,Español,Económico,4,Mochilero,No,No,No,No,Sí,No,Sí,Inca Jungle,Hidroeléctrica,Extremo,Sí,4300,Consumir líquidos,Caminata,Backpacker Adventure,Extremo,No,No
48,Estados Unidos,Inglés,Alto,7,Relajación,Sí,Sí,No,Sí,Sí,Sí,Sí,Inca Jungle,Aguas Calientes,Medio,Sí,3900,Consulta médica,Auto,Tour Relax,Medio,Sí,Sí
33,México,Español,Medio,5,Aventura,No,No,No,Sí,Sí,No,Sí,Inca Jungle,Machu Picchu,Alto,Sí,4200,Hidratación constante,Bicicleta,Adventure Trek,Alto,No,No
37,Francia,Francés,Alto,6,Fotografía,No,No,Sí,Sí,Sí,Sí,Sí,Inca Jungle,Santa Teresa,Alto,Sí,4300,Usar protector solar,Caminata,Photo Expedition,Alto,No,No
22,Chile,Español,Económico,4,Mochilero,No,No,No,No,Sí,No,Sí,Inca Jungle,Hidroeléctrica,Extremo,Sí,4300,Consumir líquidos,Caminata,Backpacker Tour,Extremo,No,No
50,Canadá,Inglés,Alto,7,Naturaleza,Sí,Sí,No,Sí,Sí,Sí,Sí,Inca Jungle,Santa María,Medio,Sí,4000,Consulta médica,Bus,Nature Tour,Medio,Sí,No
30,Argentina,Español,Medio,5,Aventura,No,No,No,Sí,Sí,No,Sí,Inca Jungle,Machu Picchu,Alto,Sí,4200,Aclimatación previa,Bicicleta,Full Adventure,Alto,No,No
41,Italia,Italiano,Alto,6,Fotografía,No,No,No,Sí,Sí,Sí,Sí,Inca Jungle,Santa Teresa,Alto,Sí,4300,Usar protector solar,Caminata,Photo Trek,Alto,No,No
25,Brasil,Portugués,Económico,4,Mochilero,No,No,No,No,Sí,No,Sí,Inca Jungle,Hidroeléctrica,Extremo,Sí,4300,Consumir líquidos,Caminata,Backpacker Trek,Extremo,No,No
27,Perú,Español,Medio,5,Aventura,No,No,No,Sí,Sí,Sí,Sí,Lares Trek,Valle Sagrado,Alto,Sí,4200,Aclimatación previa,Trekking,Lares Trek Clásico,Alto,No,No
35,Estados Unidos,Inglés,Alto,8,Fotografía,No,No,Sí,Sí,Sí,Sí,Sí,Lares Trek,Machu Picchu,Alto,Sí,4300,Hidratación constante,Trekking,Lares Premium Trek,Alto,No,No
22,Argentina,Español,Económico,4,Mochilero,No,No,No,Sí,Sí,No,Sí,Lares Trek,Ollantaytambo,Medio,Sí,4000,Consumir líquidos,Trekking,Backpacker Lares,Medio,No,No
41,Canadá,Inglés,Alto,9,Naturaleza,No,No,No,Sí,Sí,Sí,Sí,Lares Trek,Laguna Huaypo,Alto,Sí,4300,Descanso adecuado,Trekking,Andes Nature Trek,Alto,No,No
29,Brasil,Portugués,Medio,6,Aventura,No,No,Sí,Sí,Sí,No,Sí,Lares Trek,Pisac,Alto,Sí,4200,Hidratación continua,Trekking,Nature Adventure Trek,Alto,No,No
38,Alemania,Alemán,Alto,10,Fotografía,No,No,No,Sí,Sí,Sí,Sí,Lares Trek,Machu Picchu,Alto,Sí,4300,Usar protector solar,Trekking,Photo Andes Trek,Alto,No,No
24,Chile,Español,Económico,4,Cultural,No,No,No,Sí,Sí,Sí,No,Lares Trek,Cusco,Medio,Sí,3900,Consumir mate de coca,Trekking,Ruta Cultural Trek,Medio,No,No
33,Francia,Francés,Alto,8,Fotografía,No,No,Sí,Sí,Sí,Sí,Sí,Lares Trek,Valle Sagrado,Alto,Sí,4300,Aclimatación obligatoria,Trekking,Explorer Andes Trek,Alto,No,No
30,México,Español,Medio,5,Cultural,No,No,No,Sí,Sí,Sí,Sí,Lares Trek,Chinchero,Medio,Sí,4000,Descanso moderado,Trekking,Heritage Trek Peru,Medio,No,No
45,Reino Unido,Inglés,Alto,10,Fotografía,No,No,Sí,Sí,Sí,Sí,Sí,Lares Trek,Machu Picchu,Alto,Sí,4300,Preparación física,Trekking,Premium Andes Route,Alto,No,No
21,Colombia,Español,Económico,4,Mochilero,No,No,No,Sí,Sí,No,Sí,Lares Trek,Cusco,Medio,Sí,3900,Hidratación básica,Trekking,Budget Trek Peru,Medio,No,No
39,Japón,Japonés,Alto,9,Fotografía,No,No,Sí,Sí,Sí,Sí,Sí,Lares Trek,Ollantaytambo,Alto,Sí,4300,Llevar snacks energéticos,Trekking,Photo Trek Adventure,Alto,No,No
31,España,Español,Medio,6,Aventura,No,No,No,Sí,Sí,Sí,Sí,Lares Trek,Pisac,Alto,Sí,4200,Hidratación constante,Trekking,Adventure Heritage Trek,Alto,No,No
36,China,Chino,Alto,10,Fotografía,No,No,No,Sí,Sí,Sí,Sí,Lares Trek,Machu Picchu,Alto,Sí,4300,Aclimatación previa,Trekking,Andes Heritage Trek,Alto,No,No
25,Perú,Español,Económico,5,Naturaleza,No,No,No,Sí,Sí,No,Sí,Lares Trek,Laguna Piuray,Medio,Sí,3900,Consumir agua,Trekking,Nature Trek Cusco,Medio,No,No
42,Italia,Italiano,Alto,8,Cultural,No,No,Sí,Sí,Sí,Sí,Sí,Lares Trek,Valle Sagrado,Alto,Sí,4250,Descansar antes del trekking,Trekking,Heritage Trek Experience,Alto,No,No
32,Corea del Sur,Coreano,Alto,7,Fotografía,No,No,No,Sí,Sí,Sí,Sí,Lares Trek,Machu Picchu,Alto,Sí,4250,Hidratación continua,Trekking,Imperial Trek Peru,Alto,No,No
23,Bolivia,Español,Económico,4,Mochilero,No,No,No,Sí,Sí,No,Sí,Lares Trek,Cusco,Medio,Sí,3900,Descansar correctamente,Trekking,Economic Trek Route,Medio,No,No
46,Suiza,Alemán,Alto,11,Aventura,No,No,Sí,Sí,Sí,Sí,Sí,Lares Trek,Ollantaytambo,Alto,Sí,4300,Preparación física,Trekking,Premium Heritage Trek,Alto,No,No
28,Ecuador,Español,Medio,5,Cultural,No,No,No,Sí,Sí,Sí,Sí,Lares Trek,Pisac,Medio,Sí,4000,Evitar comidas pesadas,Trekking,Circuito Trek Andes,Medio,No,No
35,Países Bajos,Inglés,Alto,8,Fotografía,No,No,No,Sí,Sí,Sí,Sí,Lares Trek,Machu Picchu,Alto,Sí,4300,Hidratación y descanso,Trekking,Photo Heritage Trek,Alto,No,No
24,Venezuela,Español,Económico,4,Aventura,No,No,Sí,Sí,Sí,No,Sí,Lares Trek,Valle Sagrado,Medio,Sí,3900,Consumir líquidos,Trekking,Ruta Cultural Andes,Medio,No,No
47,Noruega,Inglés,Alto,10,Fotografía,No,No,No,Sí,Sí,Sí,Sí,Lares Trek,Ollantaytambo,Alto,Sí,4300,Aclimatación obligatoria,Trekking,Andes Premium Trek,Alto,No,No
28,Portugal,Portugués,Medio,6,Cultural,No,No,No,Sí,Sí,Sí,Sí,Lares Trek,Chinchero,Medio,Sí,4000,Evitar alcohol,Trekking,Ruta Colonial Trek,Medio,No,No
32,Israel,Hebreo,Alto,9,Fotografía,No,No,Sí,Sí,Sí,Sí,Sí,Lares Trek,Machu Picchu,Alto,Sí,4300,Descanso previo,Trekking,Andes Heritage Route,Alto,No,No
26,Uruguay,Español,Económico,4,Mochilero,No,No,No,Sí,Sí,No,Sí,Lares Trek,Cusco,Medio,Sí,3900,Hidratación básica,Trekking,City Backpacker Trek,Medio,No,No
40,Irlanda,Inglés,Alto,9,Aventura,No,No,No,Sí,Sí,Sí,Sí,Lares Trek,Ollantaytambo,Alto,Sí,4250,Consumir agua frecuentemente,Trekking,Cultural Discovery Trek,Alto,No,No
29,Sudáfrica,Inglés,Medio,6,Fotografía,No,No,No,Sí,Sí,Sí,Sí,Lares Trek,Valle Sagrado,Alto,Sí,4250,Usar bloqueador solar,Trekking,City Adventure Trek,Alto,No,No
34,Filipinas,Inglés,Medio,5,Cultural,No,No,Sí,Sí,Sí,Sí,Sí,Lares Trek,Pisac,Medio,Sí,4000,Medicamentos básicos,Trekking,Cultural Andes Trek,Medio,No,No
31,Marruecos,Árabe,Económico,4,Aventura,No,No,No,Sí,Sí,No,Sí,Lares Trek,Cusco,Medio,Sí,3900,Descanso moderado,Trekking,Food & Trek Tour,Medio,No,No
43,Suecia,Inglés,Alto,11,Fotografía,No,No,No,Sí,Sí,Sí,Sí,Lares Trek,Machu Picchu,Alto,Sí,4300,Aclimatación y descanso,Trekking,Colonial Trek Explorer,Alto,No,No
27,Indonesia,Indonesio,Medio,6,Cultural,No,No,Sí,Sí,Sí,Sí,Sí,Lares Trek,Valle Sagrado,Medio,Sí,4050,Hidratación permanente,Trekking,City Heritage Trek,Medio,No,No
38,Dinamarca,Inglés,Alto,9,Fotografía,No,No,No,Sí,Sí,Sí,Sí,Lares Trek,Machu Picchu,Alto,Sí,4300,Preparación ligera,Trekking,Historic Trek Tour,Alto,No,No
22,Paraguay,Español,Económico,4,Cultural,No,No,No,Sí,Sí,No,Sí,Lares Trek,Cusco,Medio,Sí,3900,Consumir agua,Trekking,Tour Histórico Trek,Medio,No,No
45,Austria,Alemán,Alto,10,Fotografía,Sí,No,Sí,Sí,Sí,Sí,Sí,Lares Trek,Pisac,Medio,Sí,4000,Consulta médica,Trekking,Cultural Premium Trek,Medio,No,No
30,Costa Rica,Español,Medio,6,Aventura,No,No,No,Sí,Sí,Sí,Sí,Lares Trek,Ollantaytambo,Alto,Sí,4200,Hidratación adecuada,Trekking,Ruta Colonial Trek,Alto,No,No
25,Nueva Zelanda,Inglés,Alto,8,Fotografía,No,No,No,Sí,Sí,Sí,Sí,Lares Trek,Machu Picchu,Alto,Sí,4250,Ropa cómoda,Trekking,Photo Walk Andes,Alto,No,No
37,Rusia,Ruso,Alto,9,Cultural,No,No,Sí,Sí,Sí,Sí,Sí,Lares Trek,Valle Sagrado,Alto,Sí,4300,Aclimatación previa,Trekking,Cusco Imperial Trek,Alto,No,No
28,Perú,Español,Medio,5,Gastronómico,No,No,No,Sí,Sí,No,Sí,Lares Trek,Cusco,Medio,Sí,3950,Consumir mate de coca,Trekking,Tour Gastronómico Trek,Medio,No,No
36,Finlandia,Inglés,Alto,8,Fotografía,No,No,Sí,Sí,Sí,Sí,Sí,Lares Trek,Machu Picchu,Alto,Sí,4250,Hidratación continua,Trekking,Andes Photo Trek,Alto,No,No
23,Perú,Español,Económico,4,Mochilero,No,No,No,Sí,Sí,No,Sí,Lares Trek,Cusco,Medio,Sí,3900,Descanso adecuado,Trekking,City Budget Trek,Medio,No,No
48,Hungría,Húngaro,Alto,11,Cultural,Sí,No,No,Sí,Sí,Sí,Sí,Lares Trek,Pisac,Medio,Sí,4000,Control médico,Trekking,Heritage Andes Trek,Medio,No,No
31,Tailandia,Tailandés,Medio,6,Fotografía,No,No,Sí,Sí,Sí,Sí,Sí,Lares Trek,Machu Picchu,Alto,Sí,4250,Hidratación y descanso,Trekking,Cusco Colors Trek,Alto,No,No
35,Estados Unidos,Inglés,Alto,10,Aventura,No,No,No,Sí,Sí,Sí,Sí,Lares Trek,Ollantaytambo,Alto,Sí,4300,Preparación ligera,Trekking,Peru History Trek,Alto,No,No
24,Perú,Español,Económico,4,Gastronómico,No,No,No,Sí,Sí,No,Sí,Lares Trek,Cusco,Medio,Sí,3900,Consumir líquidos,Trekking,Cusco Sabores Trek,Medio,No,No
41,Canadá,Inglés,Alto,9,Fotografía,No,No,Sí,Sí,Sí,Sí,Sí,Lares Trek,Machu Picchu,Alto,Sí,4250,Aclimatación previa,Trekking,Colonial Photo Trek,Alto,No,No
27,España,Español,Medio,5,Cultural,No,No,No,Sí,Sí,Sí,Sí,Lares Trek,Pisac,Medio,Sí,4000,Hidratación constante,Trekking,Cultural Adventure Trek,Medio,No,No
42,Brasil,Portugués,Alto,8,Fotografía,No,No,No,Sí,Sí,Sí,Sí,Lares Trek,Ollantaytambo,Alto,Sí,4300,Ropa adecuada,Trekking,Photo Premium Trek,Alto,No,No
29,Turquía,Turco,Medio,6,Cultural,No,No,Sí,Sí,Sí,Sí,Sí,Lares Trek,Valle Sagrado,Medio,Sí,4050,Llevar medicamentos,Trekking,Andes Trek Tour,Medio,No,No
38,India,Inglés,Alto,9,Fotografía,No,No,No,Sí,Sí,Sí,Sí,Lares Trek,Machu Picchu,Alto,Sí,4300,Usar ropa ligera,Trekking,City Explorer Trek,Alto,No,No
22,Bolivia,Español,Económico,4,Mochilero,No,No,No,Sí,Sí,No,Sí,Lares Trek,Cusco,Medio,Sí,3900,Hidratación adecuada,Trekking,Backpacker Peru Trek,Medio,No,No
44,Bélgica,Francés,Alto,8,Cultural,No,No,No,Sí,Sí,Sí,Sí,Lares Trek,Ollantaytambo,Alto,Sí,4250,Control médico,Trekking,Cultural Andes Trek,Alto,No,No